sample_id,n_nodes,input_facts,closure_facts,rounds,matches,seconds,derived_down,oracle_agreement
0,10,12,38,4,704,0.0012815860000046086,3,1
1,10,9,32,4,473,0.0010268649994031875,0,1
2,10,11,47,5,962,0.001648914000725199,6,1
3,10,11,46,5,971,0.001659593000113091,6,1
4,10,13,52,5,1184,0.001970839000023261,8,1
5,10,10,42,5,860,0.0015025830007289187,5,1
6,10,11,53,5,1061,0.0023868410007708007,9,1
7,10,9,32,4,473,0.000922017999982927,0,1
8,17,23,104,5,5636,0.008142022000356519,8,1
9,17,20,112,6,6588,0.00954984600048192,10,1
10,17,19,84,5,4074,0.006116519999523007,1,1
11,17,18,82,5,3786,0.005929904000367969,0,1
12,17,18,82,5,3786,0.005543714999475924,0,1
13,17,25,120,5,6112,0.008592189999944821,9,1
14,17,21,98,5,4897,0.00874168100017414,5,1
15,17,18,82,5,3786,0.005502873000295949,0,1
16,13,12,70,5,2598,0.005325649999576854,0,1
17,13,15,84,5,3462,0.004998170999897411,4,1
18,13,15,86,6,4315,0.00681603900011396,3,1
19,13,18,111,6,5806,0.008135721000144258,10,1
20,13,15,78,5,3424,0.00491435299954901,4,1
21,13,14,76,5,3178,0.005226866000157315,3,1
22,13,15,90,6,4535,0.006431404999602819,5,1
23,13,17,84,5,3916,0.005814856000142754,6,1
24,12,13,59,4,1798,0.002776601000732626,2,1
25,12,12,55,4,1626,0.0024909889998525614,1,1
26,12,14,70,4,2110,0.0031945939999786788,5,1
27,12,13,63,4,1870,0.0028417559997251374,3,1
28,12,11,53,4,1462,0.0023105099999156664,0,1
29,12,13,59,4,1790,0.003063569000005373,2,1
30,12,12,58,4,1626,0.0026789459998326492,1,1
31,12,12,57,4,1695,0.002607825000268349,2,1
32,11,12,43,3,628,0.0011179840003023855,0,1
33,11,12,43,3,628,0.001311674000135099,0,1
34,11,12,43,3,628,0.0011796409999078605,0,1
35,11,15,61,4,1465,0.0023492919999625883,7,1
36,11,14,53,3,868,0.001418591999936325,4,1
37,11,12,43,3,628,0.0011088940000263392,0,1
38,11,13,47,3,743,0.0012728770007015555,2,1
39,11,13,56,4,1193,0.0020071549997737748,4,1
40,16,18,91,5,3969,0.006024778000210063,3,1
41,16,18,89,5,3774,0.00570391200017184,1,1
42,16,20,105,5,4742,0.012399976999404316,7,1
43,16,17,83,5,3494,0.006416084000193223,0,1
44,16,22,136,6,7540,0.01097568500063062,14,1
45,16,19,111,6,6273,0.008933495999372099,11,1
46,16,22,107,5,5092,0.00708630900044227,7,1
47,16,19,114,7,7635,0.010574216000350134,12,1
48,15,16,63,3,1271,0.001993442000639334,2,1
49,15,16,61,3,1225,0.002122087999850919,1,1
50,15,16,75,4,2178,0.0034542749999673106,6,1
51,15,15,59,3,1108,0.0018149049992643995,0,1
52,15,16,61,3,1225,0.0019263260001025628,1,1
53,15,20,87,4,2822,0.004943381999510166,9,1
54,15,15,59,3,1108,0.0018105219996868982,0,1
55,15,16,61,3,1225,0.001960603000043193,1,1
56,14,17,85,5,3458,0.005101753999952052,3,1
57,14,15,77,5,2864,0.004743655000311264,0,1
58,14,15,77,5,2864,0.004556810999929439,0,1
59,14,18,99,6,5017,0.007622032000654144,6,1
60,14,15,77,5,2864,0.004410512000504241,0,1
61,14,15,77,5,2864,0.004318739000154892,0,1
62,14,17,90,5,3591,0.005147208999915165,5,1
63,14,16,79,5,3112,0.005157350999979826,1,1
64,14,18,81,5,3277,0.005737982000027841,2,1
65,14,19,79,5,3518,0.005718976999560255,3,1
66,14,17,77,5,3036,0.004784818999723939,1,1
67,14,20,118,6,5733,0.008551838000130374,12,1
68,14,16,72,5,2795,0.004421622999871033,0,1
69,14,18,101,6,4991,0.007474330000150076,11,1
70,14,19,82,5,3606,0.0055734110001139925,4,1
71,14,19,102,6,5247,0.007949077000375837,11,1
72,12,16,76,5,2811,0.004340059000242036,9,1
73,12,15,80,5,2772,0.004172484999799053,10,1
74,12,13,53,3,866,0.0016119910005727434,0,1
75,12,14,71,5,2392,0.004304061999391706,7,1
76,12,15,64,4,1688,0.0033396359995094826,3,1
77,12,13,53,3,866,0.0016610039992883685,0,1
78,12,14,57,3,967,0.0017803410000851727,1,1
79,12,15,59,3,1068,0.0018721980004556826,2,1
80,11,12,68,5,2399,0.0039080369997464,3,1
81,11,13,75,5,2788,0.004273663999811106,6,1
82,11,11,61,5,2103,0.003220155000235536,1,1
83,11,13,82,5,2834,0.004526333999820054,6,1
84,11,10,56,5,1889,0.0030965519999881508,0,1
85,11,11,61,5,2178,0.003463530999397335,2,1
86,11,12,74,5,2337,0.0040709419999984675,2,1
87,11,13,76,5,2634,0.004404061000059301,4,1
88,18,23,119,5,6418,0.00898811599927285,2,1
89,18,22,113,5,6181,0.009947937000106322,2,1
90,18,26,160,6,10748,0.014812434999839752,11,1
91,18,24,117,5,6899,0.009289847000218288,4,1
92,18,24,142,6,10070,0.014653504000307294,11,1
93,18,22,129,5,6564,0.009405469000739686,5,1
94,18,24,117,5,6899,0.009777471000234073,4,1
95,18,26,156,5,8843,0.011899690000063856,14,1
96,10,11,59,4,1280,0.0020843480006078607,6,1
97,10,9,37,3,577,0.0010345629998482764,1,1
98,10,9,37,3,577,0.001201238999783527,1,1
99,10,8,35,3,498,0.0009449769995626411,0,1
100,10,10,45,4,1011,0.0016582520001975354,3,1
101,10,11,51,4,1099,0.001825239000027068,3,1
102,10,10,44,4,1011,0.0016943800001172349,3,1
103,10,9,38,3,577,0.0010309400004189229,1,1
104,18,19,73,5,2915,0.004233606999150652,0,1
105,18,21,79,5,3391,0.005180762000236427,2,1
106,18,22,83,5,3813,0.00531860599949141,5,1
107,18,20,79,5,3314,0.004814668000108213,3,1
108,18,24,106,5,4754,0.006495547000668012,12,1
109,18,22,83,5,3813,0.005328843999450328,5,1
110,18,19,73,5,2915,0.004914635999739403,0,1
111,18,20,90,6,4514,0.0065487619995110435,6,1
112,18,23,162,6,10129,0.01377941800001281,12,1
113,18,21,112,5,5946,0.014071921000322618,1,1
114,18,21,112,5,5946,0.008886878000339493,1,1
115,18,23,121,5,6660,0.009989000000132364,3,1
116,18,27,140,5,8619,0.01233002899971325,12,1
117,18,22,119,5,6303,0.008609829999841168,2,1
118,18,20,110,5,5589,0.007757164999929955,0,1
119,18,21,112,5,5946,0.008080286000222259,1,1
120,13,13,72,6,3850,0.0064513580000493675,0,1
121,13,17,96,6,5558,0.008306698000524193,6,1
122,13,15,80,6,4518,0.007718333000411803,2,1
123,13,14,88,6,4190,0.006334913000500819,1,1
124,13,14,83,7,5143,0.009467079999922134,1,1
125,13,16,91,6,5056,0.0072630980002941214,4,1
126,13,13,72,6,3850,0.006115945999226824,0,1
127,13,16,94,6,4870,0.0072978240004886175,3,1
128,12,13,77,4,2062,0.003255198999795539,6,1
129,12,16,81,4,2344,0.003788604999499512,5,1
130,12,12,58,4,1576,0.002745360000517394,0,1
131,12,12,58,4,1576,0.002574133000052825,0,1
132,12,12,58,4,1576,0.0026497310000195284,0,1
133,12,16,73,4,2329,0.003791539000303601,5,1
134,12,12,58,4,1576,0.0026803979999385774,0,1
135,12,15,70,4,2158,0.003421388999413466,4,1
136,13,14,72,4,2198,0.0034198120001747156,4,1
137,13,11,58,4,1598,0.002732308999839006,0,1
138,13,14,68,4,2126,0.0032984250001391047,3,1
139,13,17,83,5,3752,0.006479719000708428,7,1
140,13,13,66,4,2020,0.003581269000278553,3,1
141,13,11,58,4,1598,0.002657850999639777,0,1
142,13,16,108,5,4273,0.00624063000032038,13,1
143,13,14,90,4,2638,0.00438171899986628,10,1
144,16,16,62,3,1245,0.002304848999301612,1,1
145,16,17,71,4,2170,0.0034700050000537885,4,1
146,16,15,60,3,1127,0.0019319829998494242,0,1
147,16,19,73,3,1623,0.002890425000259711,4,1
148,16,15,60,3,1127,0.002112097000463109,0,1
149,16,17,65,3,1363,0.0023265440004252014,2,1
150,16,16,66,3,1337,0.002284466999299184,3,1
151,16,17,70,4,2170,0.0033663469994280604,4,1
152,18,20,134,5,8217,0.011205973999494745,5,1
153,18,22,150,5,9170,0.012674947000050452,8,1
154,18,22,155,6,11632,0.016887580000002345,6,1
155,18,21,145,5,8725,0.01368895599989628,6,1
156,18,20,121,5,7633,0.011461926999800198,1,1
157,18,23,139,5,9139,0.01568667599985929,5,1
158,18,27,171,5,11575,0.016326855999977852,12,1
159,18,20,121,5,7633,0.01376055200034898,1,1
160,15,18,70,5,2816,0.004790760000105365,0,1
161,15,19,77,5,3059,0.004674629999499302,1,1
162,15,21,89,5,3995,0.005707689999326249,8,1
163,15,19,72,5,3054,0.004572293000819627,1,1
164,15,22,86,5,3960,0.005634869999994407,6,1
165,15,18,70,5,2816,0.004222669000228052,0,1
166,15,19,74,5,3150,0.004950364999785961,2,1
167,15,18,70,5,2816,0.00457278799967753,0,1
168,18,23,117,6,7511,0.010780134000015096,4,1
169,18,23,111,6,7489,0.01031212899943057,4,1
170,18,25,142,7,11289,0.016317677999722946,13,1
171,18,23,130,7,10120,0.013864423999621067,10,1
172,18,23,104,6,7177,0.009680846000264864,2,1
173,18,24,113,6,7586,0.010985453000103007,3,1
174,18,23,106,6,7322,0.010309463999874424,3,1
175,18,26,115,6,8404,0.011464246999821626,5,1
176,15,17,85,4,2831,0.00427484700048808,1,1
177,15,19,102,5,4865,0.010476380000000063,6,1
178,15,18,92,4,3046,0.004838860000745626,2,1
179,15,18,87,4,3046,0.004523538000285043,2,1
180,15,18,91,4,3135,0.0047568709996994585,3,1
181,15,17,85,4,2831,0.004311733999202261,1,1
182,15,19,96,4,3417,0.004996294999727979,5,1
183,15,18,91,4,3135,0.006380867999723705,3,1
184,18,20,126,6,10001,0.014395696000065072,3,1
185,18,21,134,7,13177,0.017810048999308492,5,1
186,18,19,139,6,9949,0.01388687399958144,5,1
187,18,21,135,6,10693,0.01602592800009006,5,1
188,18,19,134,6,9680,0.013859902000149305,3,1
189,18,22,147,7,13336,0.01838688399948296,4,1
190,18,21,136,7,12947,0.017999155999859795,4,1
191,18,21,150,7,13978,0.019543015000635933,8,1
192,13,14,65,3,1441,0.0025543700003254344,2,1
193,13,13,61,3,1306,0.0020590060003087274,1,1
194,13,12,59,3,1177,0.002006908000112162,0,1
195,13,15,75,4,2570,0.0038534969999091118,5,1
196,13,14,63,3,1435,0.0022801759996582405,2,1
197,13,15,93,4,2835,0.004225294999741891,10,1
198,13,14,67,3,1447,0.0024395020000156364,2,1
199,13,15,86,4,2697,0.004331125999669894,7,1
200,16,16,96,5,4392,0.007619822999913595,1,1
201,16,15,88,5,4074,0.006474681999861787,0,1
202,16,19,107,5,5346,0.011338073999468179,4,1
203,16,20,107,5,5689,0.008287098999971931,5,1
204,16,15,88,5,4074,0.008901366999452875,0,1
205,16,16,90,5,4387,0.008537624000382493,1,1
206,16,15,88,5,4074,0.006412663000446628,0,1
207,16,15,88,5,4074,0.006046722000064619,0,1
208,11,11,58,4,1447,0.0023202419997687684,3,1
209,11,10,48,4,1182,0.0019631650002338574,0,1
210,11,14,64,4,1778,0.003511118999995233,4,1
211,11,11,58,4,1447,0.0029647390001628082,3,1
212,11,13,82,5,2808,0.004753805000291322,10,1
213,11,13,63,4,1677,0.0026660559997253586,4,1
214,11,11,50,4,1327,0.0021987379996062373,1,1
215,11,10,48,4,1182,0.001931832999616745,0,1
216,10,11,58,5,1636,0.003484384999865142,2,1
217,10,12,56,5,1851,0.003052709999792569,4,1
218,10,9,44,5,1282,0.0022068300004320918,0,1
219,10,11,52,5,1684,0.0030757920003452455,3,1
220,10,10,50,5,1459,0.0027086889995189267,1,1
221,10,11,63,5,1807,0.0031305980000979616,5,1
222,10,10,46,5,1449,0.0024861499996404746,1,1
223,10,9,44,5,1282,0.0026282470007572556,0,1
224,18,23,171,7,14574,0.021421182000267436,12,1
225,18,22,159,7,13182,0.019233912999879976,7,1
226,18,22,146,7,12374,0.019672256999911042,3,1
227,18,24,149,7,13432,0.025126378999630106,4,1
228,18,22,156,7,12706,0.020672964000368665,5,1
229,18,22,154,7,12902,0.020222899000145844,7,1
230,18,21,140,7,11746,0.016978402999484388,2,1
231,18,21,140,7,11746,0.017496272000244062,2,1
232,11,13,50,4,1188,0.0019206159995519556,1,1
233,11,14,60,4,1395,0.0021994090002408484,4,1
234,11,13,53,4,1236,0.0019637380000858684,2,1
235,11,12,48,4,1061,0.0017215719999512658,0,1
236,11,12,48,4,1061,0.0017310009998254827,0,1
237,11,13,51,4,1188,0.0019146060003549792,1,1
238,11,15,63,4,1505,0.002465853999638057,4,1
239,11,14,53,4,1315,0.00220544300009351,2,1
240,14,18,90,6,4575,0.006708132000312617,4,1
241,14,18,107,7,5988,0.00871309400008613,7,1
242,14,17,108,6,4965,0.007287733000339358,11,1
243,14,15,78,6,3565,0.005462648000502668,0,1
244,14,18,121,6,5395,0.007830014000319352,12,1
245,14,17,87,6,4270,0.006662743000561022,3,1
246,14,24,138,7,8388,0.011500030999741284,13,1
247,14,17,102,6,4577,0.00784706800004642,7,1
248,17,24,159,7,12418,0.017218476999914856,13,1
249,17,20,139,7,9572,0.013691989000108151,8,1
250,17,20,115,6,7016,0.010108535999279411,1,1
251,17,21,143,7,10357,0.01455284700023185,8,1
252,17,20,115,6,7016,0.01109018199986167,1,1
253,17,23,133,6,8859,0.01259584299987182,8,1
254,17,23,141,7,11104,0.014981794000050286,10,1
255,17,20,121,6,7274,0.01049569499991776,3,1
256,15,19,139,7,10161,0.014021668999703252,14,1
257,15,15,87,6,5156,0.007279252000444103,0,1
258,15,17,107,6,6094,0.008838018999995256,3,1
259,15,16,98,6,5700,0.011523217000103614,2,1
260,15,19,113,6,6882,0.010265771999911522,5,1
261,15,20,146,7,10689,0.014864786000543972,14,1
262,15,18,113,6,6821,0.010074212000290572,6,1
263,15,17,101,6,6094,0.010766554999463551,3,1
264,10,11,60,5,1957,0.0031631260007998208,1,1
265,10,13,83,6,3183,0.00485245500021847,4,1
266,10,10,57,5,1758,0.002762207000159833,0,1
267,10,13,82,6,3380,0.005025336000471725,6,1
268,10,11,70,6,2738,0.004172512999502942,3,1
269,10,11,59,5,1957,0.0033104799995271605,1,1
270,10,11,59,5,1957,0.003009256000041205,1,1
271,10,12,75,6,2917,0.004890637999778846,3,1
272,17,22,120,6,7305,0.009908805000122811,9,1
273,17,25,137,6,8438,0.011575444999834872,10,1
274,17,23,105,5,5584,0.008458986000732693,5,1
275,17,21,100,5,4846,0.006801037000514043,2,1
276,17,20,96,5,4543,0.007122662000256241,1,1
277,17,21,108,5,5151,0.00719494399982068,5,1
278,17,20,95,5,4543,0.008330415000273206,1,1
279,17,19,92,5,4240,0.006966428999476193,0,1
280,10,10,52,5,1345,0.002328012000361923,2,1
281,10,9,50,4,929,0.0016061100004662876,2,1
282,10,8,40,4,761,0.0013940039998487919,0,1
283,10,11,57,4,1217,0.002001058000132616,5,1
284,10,8,40,4,761,0.0013019779999012826,0,1
285,10,9,42,4,873,0.0014633390001108637,1,1
286,10,13,64,5,1848,0.0028063280005881097,6,1
287,10,9,42,4,873,0.0016643159997329349,1,1
288,10,11,62,5,1646,0.002856541999790352,6,1
289,10,13,68,4,1479,0.00253177099966706,8,1
290,10,10,45,4,909,0.001645072999963304,0,1
291,10,11,47,4,1028,0.0017804360004447517,1,1
292,10,10,45,4,909,0.0017177499994431855,0,1
293,10,13,66,5,1880,0.0032340399993699975,6,1
294,10,11,64,5,1715,0.0027422339999247924,8,1
295,10,14,74,4,1609,0.0025652430003901827,8,1
296,15,17,95,6,5141,0.007368273999418307,5,1
297,15,20,118,6,6539,0.00946775099964725,10,1
298,15,16,91,5,3876,0.0056001129996730015,6,1
299,15,16,90,5,3742,0.005402501000389748,4,1
300,15,18,106,6,5680,0.009161686999505037,8,1
301,15,17,84,5,3898,0.0054738990002078936,4,1
302,15,14,75,5,3016,0.004918214000099397,0,1
303,15,14,75,5,3016,0.0056042460000753636,0,1
304,12,11,46,4,1038,0.0018451000005370588,0,1
305,12,13,56,4,1358,0.0022620820000156527,3,1
306,12,11,46,4,1038,0.001813754000068002,0,1
307,12,15,70,4,1829,0.0029748530005235807,9,1
308,12,11,46,4,1038,0.0017921150001711794,0,1
309,12,13,54,4,1296,0.002175870999963081,2,1
310,12,12,50,4,1171,0.0019393039992792183,1,1
311,12,13,56,4,1392,0.002418386000499595,4,1
312,10,12,52,4,1216,0.0021045269995738636,3,1
313,10,12,48,3,782,0.0013361280007302412,2,1
314,10,11,44,3,660,0.001156996999270632,0,1
315,10,11,44,3,660,0.0011495689996081637,0,1
316,10,11,44,3,660,0.0011516719996507163,0,1
317,10,12,47,3,748,0.0012843530003010528,1,1
318,10,15,65,4,1661,0.002540888999646995,7,1
319,10,13,59,4,1398,0.0023860660003265366,5,1
320,18,21,90,4,3232,0.00470806400062429,0,1
321,18,28,131,5,7185,0.00974180699995486,11,1
322,18,29,123,4,5392,0.008424855999692227,11,1
323,18,24,115,4,4480,0.006515723999655165,9,1
324,18,27,132,5,7028,0.009642671000619885,13,1
325,18,23,94,4,3696,0.005172152999875834,2,1
326,18,24,119,5,6046,0.010097477000272193,10,1
327,18,25,130,5,6847,0.010006313999838312,13,1
328,14,21,82,5,3536,0.005333629000233486,7,1
329,14,18,86,4,2350,0.003928015999917989,9,1
330,14,17,77,5,2787,0.004532746000222687,5,1
331,14,17,72,4,1971,0.0032216210001934087,4,1
332,14,20,73,4,2371,0.004010430000562337,5,1
333,14,22,94,5,3998,0.005675552999491629,11,1
334,14,16,63,4,1671,0.0025983699997595977,0,1
335,14,17,69,4,1891,0.0029088809997119824,2,1
336,18,30,157,5,10405,0.013694618999579689,13,1
337,18,23,121,5,7328,0.00989400399976148,3,1
338,18,20,115,5,6182,0.008629278999251255,0,1
339,18,21,131,5,7003,0.01052714800061949,5,1
340,18,23,165,6,11441,0.015612952000083169,15,1
341,18,21,129,6,8655,0.011748535000151605,1,1
342,18,24,155,5,8574,0.012138736999986577,10,1
343,18,20,115,5,6182,0.009895959999994375,0,1
344,12,11,61,5,2264,0.0037119309999980032,0,1
345,12,12,73,6,3328,0.005491244999575429,2,1
346,12,11,61,5,2264,0.0038265000002866145,0,1
347,12,11,61,5,2264,0.00416203900022083,0,1
348,12,13,83,5,3094,0.005173175999516388,6,1
349,12,14,86,6,3987,0.006076527000004717,4,1
350,12,13,70,5,2746,0.0041238180001528235,2,1
351,12,11,61,5,2264,0.0034929439998450107,0,1
352,11,10,55,4,1332,0.0022472380005638115,0,1
353,11,10,55,4,1332,0.0023005950006336207,0,1
354,11,11,57,4,1487,0.003229151999221358,1,1
355,11,11,66,5,2071,0.003536469000209763,1,1
356,11,11,57,4,1487,0.0024671729997862712,1,1
357,11,10,55,4,1332,0.002450470999974641,0,1
358,11,11,65,4,1561,0.0027307079999445705,2,1
359,11,11,65,4,1561,0.0026092549996974412,2,1
360,13,17,68,4,1869,0.002964170999803173,1,1
361,13,17,72,4,1978,0.0034102569998140098,3,1
362,13,16,64,4,1707,0.002576011000201106,0,1
363,13,18,70,4,2031,0.0030180869998730486,2,1
364,13,21,94,5,3847,0.005972259999907692,10,1
365,13,19,85,5,3379,0.005049826999311335,8,1
366,13,20,98,5,3888,0.005526314999769966,12,1
367,13,18,72,4,2091,0.003401382999982161,3,1
368,12,11,54,4,1496,0.0023872140000094078,0,1
369,12,11,54,4,1496,0.0023533440007668105,0,1
370,12,13,68,4,1852,0.002885549999518844,2,1
371,12,15,76,5,2934,0.004314740000154416,4,1
372,12,12,58,4,1731,0.0029774290005661896,2,1
373,12,16,71,4,2418,0.0035826130006171297,6,1
374,12,13,61,4,1897,0.0028925990000061574,3,1
375,12,12,56,4,1662,0.002613646000099834,1,1
376,14,15,76,4,2195,0.00337905300057173,3,1
377,14,16,98,5,3837,0.005570147000071302,9,1
378,14,14,66,4,1893,0.002883847000703099,0,1
379,14,17,99,5,4084,0.006149574999653851,11,1
380,14,14,66,4,1893,0.003937491000215232,0,1
381,14,16,78,4,2390,0.0038210330003494164,4,1
382,14,19,91,5,4153,0.005924456000684586,8,1
383,14,16,74,4,2265,0.0033663920003164094,2,1
384,15,20,109,6,7690,0.010797680999530712,3,1
385,15,17,102,6,6394,0.00919165499999508,0,1
386,15,19,130,7,9002,0.012970583000424085,2,1
387,15,17,102,6,6394,0.010567742000603175,0,1
388,15,18,112,6,6982,0.010715436000282352,2,1
389,15,20,153,6,9134,0.012708298000688956,12,1
390,15,19,110,6,7403,0.010180447000493587,3,1
391,15,17,102,6,6394,0.009748906000822899,0,1
392,17,20,105,5,5975,0.008259205000285874,4,1
393,17,20,113,5,5857,0.0081383270007791,3,1
394,17,21,113,5,6459,0.009686431000773155,6,1
395,17,18,101,5,5287,0.00781367599938676,2,1
396,17,21,115,5,6187,0.0086468520003109,4,1
397,17,22,124,5,6697,0.00921636800012493,6,1
398,17,24,132,5,7616,0.0116990110000188,9,1
399,17,17,93,5,4807,0.00694534800004476,0,1
400,17,18,106,6,5389,0.007657537000341108,6,1
401,17,21,112,6,6625,0.010893634999774804,9,1
402,17,17,83,5,3494,0.005195755999920948,0,1
403,17,24,135,6,8335,0.011489784000332293,17,1
404,17,20,102,5,4594,0.006479786999989301,6,1
405,17,20,98,5,4646,0.007348815000113973,6,1
406,17,19,96,5,4219,0.006285315999775776,4,1
407,17,20,105,5,4646,0.006860169999526988,6,1
408,12,14,62,5,2065,0.006044145000487333,1,1
409,12,14,67,5,2252,0.0038188880007510306,4,1
410,12,16,83,5,2692,0.005126897000081954,6,1
411,12,14,67,5,2184,0.0038680259995089727,3,1
412,12,13,59,5,1871,0.0032325410002158605,0,1
413,12,16,94,6,3856,0.006185985999763943,11,1
414,12,14,74,5,2286,0.0036738710005010944,5,1
415,12,14,63,5,2133,0.0035164209994036355,2,1
416,15,18,101,5,4545,0.006404317000487936,14,1
417,15,19,74,4,2792,0.004561362999993435,5,1
418,15,15,63,4,2040,0.003811781999502273,1,1
419,15,18,76,4,2686,0.004555182999865792,5,1
420,15,17,77,4,2550,0.004275274999599787,5,1
421,15,16,81,4,2407,0.003951560000132304,4,1
422,15,18,94,5,4106,0.006235245000425493,9,1
423,15,15,64,4,2040,0.003248390999942785,1,1
424,11,14,63,4,1686,0.00327088999983971,2,1
425,11,14,61,4,1629,0.0030493809999825316,1,1
426,11,15,64,4,1784,0.003078311000535905,2,1
427,11,13,59,4,1474,0.0024696589998711715,0,1
428,11,16,71,4,2034,0.003108203999545367,5,1
429,11,15,66,4,1841,0.0028892000000269036,3,1
430,11,14,65,4,1724,0.002673937000508886,3,1
431,11,13,59,4,1474,0.002472219000082987,0,1
432,17,16,88,5,4235,0.006107575999521941,0,1
433,17,18,121,6,6998,0.011242092000429693,6,1
434,17,18,113,6,6749,0.009612230000129784,5,1
435,17,17,97,5,4562,0.006588696999642707,1,1
436,17,20,107,5,5743,0.009715928999867174,6,1
437,17,16,88,5,4235,0.006351525999889418,0,1
438,17,17,90,5,4552,0.008947476000685128,1,1
439,17,17,92,5,4672,0.006798506999984966,2,1
440,15,16,72,6,3307,0.004940496999552124,0,1
441,15,18,76,6,3877,0.006261461999201856,2,1
442,15,18,80,6,4057,0.0057955840002250625,4,1
443,15,16,72,6,3307,0.004928129000290937,0,1
444,15,19,89,6,4390,0.006233930999769655,5,1
445,15,18,76,6,3877,0.0070541079994654865,2,1
446,15,20,103,7,6118,0.009164604999568837,9,1
447,15,19,85,6,4342,0.006215465999957814,5,1
448,17,21,106,5,5432,0.007478767000066,3,1
449,17,22,102,5,5756,0.007815773999936937,4,1
450,17,20,98,5,5218,0.008170679000613745,3,1
451,17,22,103,5,5880,0.009109077000175603,5,1
452,17,19,96,5,4779,0.007034981999822776,1,1
453,17,19,94,5,4779,0.006737937999787391,1,1
454,17,19,95,5,4779,0.006952600000659004,1,1
455,17,18,91,5,4460,0.0067599730000438285,0,1
456,16,18,92,5,3811,0.005754580999564496,5,1
457,16,16,70,4,2175,0.0033978520004893653,0,1
458,16,19,89,4,3012,0.004390560000501864,6,1
459,16,16,70,4,2175,0.0033311670003968175,0,1
460,16,17,72,4,2369,0.00376512700040621,1,1
461,16,18,78,4,2719,0.004223679999995511,4,1
462,16,18,92,5,3811,0.006254472000364331,5,1
463,16,23,103,4,3878,0.005372169999645848,10,1
464,16,20,121,5,6944,0.0095585460003349,6,1
465,16,22,116,5,7583,0.010343244000068808,8,1
466,16,17,112,5,5620,0.00832969899965974,2,1
467,16,15,91,5,4894,0.006924371999957657,0,1
468,16,19,119,5,6542,0.00909694700021646,5,1
469,16,19,101,5,6306,0.009124131000135094,4,1
470,16,18,117,6,8058,0.011114271000224107,5,1
471,16,16,109,5,5405,0.008143062999806716,2,1
472,13,16,75,4,2219,0.003787470000133908,6,1
473,13,15,68,4,1956,0.0032570749999649706,4,1
474,13,13,61,4,1722,0.0026970959997925092,3,1
475,13,15,88,5,3235,0.005461099999592989,10,1
476,13,15,65,4,1972,0.0029978720003782655,4,1
477,13,12,60,4,1564,0.0024642959997436265,2,1
478,13,11,52,4,1340,0.002198063000832917,0,1
479,13,13,68,4,1656,0.0026080530005856417,2,1
480,10,11,49,4,1046,0.0017592559997865465,2,1
481,10,10,41,4,873,0.0014838819997748942,0,1
482,10,10,41,4,873,0.0015938100004859734,0,1
483,10,13,62,5,1836,0.0054532949998247204,6,1
484,10,13,63,5,1833,0.0032352419993912918,6,1
485,10,14,52,4,1345,0.0021891850001338753,4,1
486,10,10,41,4,873,0.0015864229999351664,0,1
487,10,12,58,5,1675,0.0028020739991916344,5,1
488,15,23,98,4,3382,0.004853942000409006,10,1
489,15,18,83,4,2385,0.003587537000385055,4,1
490,15,19,85,4,2638,0.004229775000567315,7,1
491,15,23,90,4,3208,0.0048873229998207535,9,1
492,15,19,73,4,2316,0.003918220999366895,2,1
493,15,18,69,4,2139,0.003454051000517211,1,1
494,15,18,78,4,2392,0.0036764810001841397,5,1
495,15,20,80,4,2562,0.003756340999643726,4,1
496,13,13,86,6,4060,0.005850618999829749,3,1
497,13,15,105,6,5049,0.007764074999613513,7,1
498,13,13,82,5,3134,0.004801910999958636,3,1
499,13,13,84,5,3060,0.004560933999528061,2,1
500,13,11,68,5,2536,0.003834023999843339,0,1
501,13,17,113,6,5748,0.0079764249994696,9,1
502,13,14,94,6,4576,0.00665263400060212,5,1
503,13,12,80,5,2793,0.0053232420004860614,1,1
504,16,19,82,5,3390,0.00535702900015167,0,1
505,16,20,84,5,3653,0.005260953000288282,1,1
506,16,21,88,5,3926,0.00583267000001797,2,1
507,16,20,98,6,5354,0.007435200000145414,7,1
508,16,19,82,5,3390,0.005326026999682654,0,1
509,16,21,86,5,3916,0.00559342300039134,2,1
510,16,24,118,6,7192,0.009959371999684663,14,1
511,16,22,112,6,6319,0.008836701999825891,10,1
512,11,13,49,4,1159,0.0018578190001790063,3,1
513,11,11,42,3,631,0.0010746159996415372,1,1
514,11,12,54,4,1189,0.002084899999317713,6,1
515,11,14,59,4,1396,0.002604256000267924,6,1
516,11,12,59,4,1259,0.002362492999964161,7,1
517,11,11,42,3,631,0.0011333369993735687,1,1
518,11,10,38,3,548,0.0010250960003759246,0,1
519,11,10,38,3,548,0.001015044000268972,0,1
520,10,8,32,3,420,0.0008176060000550933,0,1
521,10,10,37,3,560,0.0009729180001158966,2,1
522,10,8,32,3,420,0.0008281880000140518,0,1
523,10,8,32,3,420,0.0008610279992353753,0,1
524,10,9,36,3,493,0.0008944340006564744,1,1
525,10,9,34,3,490,0.0009532750000289525,1,1
526,10,10,36,3,560,0.0009532509993732674,2,1
527,10,9,34,3,490,0.000866929999574495,1,1
528,12,12,69,6,3183,0.004827177000152005,1,1
529,12,12,81,7,4220,0.006407935999959591,3,1
530,12,15,95,7,5046,0.009888142999443517,4,1
531,12,12,81,7,4220,0.006934490999810805,3,1
532,12,13,87,6,3609,0.005638932999318058,3,1
533,12,11,67,6,2896,0.004512753999733832,0,1
534,12,13,82,6,3575,0.005422123999778705,3,1
535,12,12,81,7,4220,0.006630769000366854,3,1
536,10,11,59,5,1911,0.0032902559996728087,4,1
537,10,11,55,5,1820,0.0029263890000947868,3,1
538,10,8,43,5,1301,0.0022251539994613267,0,1
539,10,9,46,5,1474,0.002448734999234148,1,1
540,10,9,45,5,1474,0.0024339020001207246,1,1
541,10,8,43,5,1301,0.0022257769996940624,0,1
542,10,9,45,5,1474,0.0025406000004295493,1,1
543,10,11,53,5,1820,0.0028417359999366454,3,1
544,10,14,51,4,1192,0.0020201079996695626,8,1
545,10,12,48,4,937,0.0016934270006458974,4,1
546,10,10,36,3,483,0.0015910239999357145,1,1
547,10,10,35,3,483,0.0009270900000046822,1,1
548,10,10,36,3,483,0.0010225519999949029,1,1
549,10,10,45,4,786,0.001577428000018699,3,1
550,10,9,33,3,416,0.0008882849997462472,0,1
551,10,11,47,4,881,0.0015452830002686824,4,1
552,17,20,128,6,8339,0.01174901200010936,10,1
553,17,18,96,5,4901,0.006903675999637926,0,1
554,17,21,107,5,5933,0.00961282400021446,3,1
555,17,25,141,6,9983,0.013957205000224349,11,1
556,17,22,128,5,6705,0.009329981000519183,7,1
557,17,18,96,5,4901,0.007672123000702413,0,1
558,17,18,96,5,4901,0.007180682000580418,0,1
559,17,19,125,6,8061,0.011352354000337073,11,1
560,14,13,52,4,1350,0.0021543550001297262,0,1
561,14,14,64,4,1512,0.0025971979994210415,1,1
562,14,15,56,4,1650,0.002764437999758229,2,1
563,14,14,64,5,2089,0.0034042990000671125,2,1
564,14,13,52,4,1350,0.002866063999135804,0,1
565,14,13,52,4,1350,0.002593979999801377,0,1
566,14,17,63,4,2013,0.0030706620000273688,5,1
567,14,16,68,4,1836,0.003049040000405512,3,1
568,14,16,89,5,3920,0.008599494000009145,0,1
569,14,25,163,6,9584,0.01514375300030224,14,1
570,14,16,89,5,3920,0.006161648999295721,0,1
571,14,23,135,6,8340,0.013057302000561322,10,1
572,14,19,111,6,6575,0.010623596999721485,5,1
573,14,19,114,6,6687,0.00957537000067532,6,1
574,14,19,119,6,6715,0.009578899000189267,6,1
575,14,16,89,5,3920,0.0059410270005173516,0,1
576,18,22,105,5,5252,0.007295205000446003,5,1
577,18,26,136,6,8749,0.011743555000066408,13,1
578,18,26,157,6,9391,0.015368458000011742,18,1
579,18,20,97,5,4535,0.006437657999413204,2,1
580,18,21,101,5,4846,0.00668860699988727,3,1
581,18,23,124,5,5992,0.008483044000058726,11,1
582,18,22,102,5,5129,0.007396136000352271,4,1
583,18,25,148,6,9051,0.012185728000076779,17,1
584,10,11,57,4,1338,0.0022183749997566338,2,1
585,10,9,44,4,1048,0.0019349260001035873,0,1
586,10,10,46,4,1185,0.0019861569999193307,1,1
587,10,12,77,5,2527,0.0039055739998730132,9,1
588,10,13,62,4,1612,0.0030628770000475924,4,1
589,10,9,44,4,1048,0.0019407280005907523,0,1
590,10,11,51,4,1330,0.003373378000105731,2,1
591,10,10,46,4,1185,0.0019415519991525798,1,1
592,13,13,58,4,1426,0.0022991519999777665,0,1
593,13,15,68,4,1798,0.00279123400014214,3,1
594,13,18,80,5,3005,0.004426567999871622,5,1
595,13,14,76,5,2431,0.00429419899955974,6,1
596,13,13,58,4,1426,0.002448950000143668,0,1
597,13,13,58,4,1426,0.0023393709998345003,0,1
598,13,16,86,5,2855,0.004676974000176415,7,1
599,13,14,65,4,1642,0.0027006439995602705,2,1
600,12,16,101,5,3961,0.005995053000333428,10,1
601,12,16,81,5,3371,0.004976169000656228,4,1
602,12,12,65,5,2411,0.003732319999471656,0,1
603,12,15,95,5,3336,0.004969068000718835,5,1
604,12,12,65,5,2411,0.00407044700023107,0,1
605,12,12,65,5,2411,0.00378002999968885,0,1
606,12,12,65,5,2411,0.003723081000316597,0,1
607,12,12,65,5,2411,0.003855900000417023,0,1
608,10,11,49,3,769,0.0014054839994059876,3,1
609,10,14,56,3,1054,0.0017435649997423752,6,1
610,10,11,44,3,713,0.0012766099998771097,1,1
611,10,12,51,4,1181,0.001980256000024383,2,1
612,10,13,61,4,1487,0.002383785999882093,6,1
613,10,11,49,3,769,0.0014121549993433291,3,1
614,10,14,69,4,1733,0.0028325809998932527,8,1
615,10,11,44,3,713,0.0012892820004708483,1,1
616,18,20,117,5,7143,0.013370974999816099,0,1
617,18,20,117,5,7143,0.010391484999672684,0,1
618,18,22,136,5,8247,0.01248962899990147,4,1
619,18,22,138,5,8667,0.012748942999678547,6,1
620,18,23,183,6,12887,0.017960488000426267,15,1
621,18,20,117,5,7143,0.01008391599953029,0,1
622,18,21,134,5,7828,0.011061144999985117,3,1
623,18,24,129,5,9123,0.012545172999125498,6,1
624,14,14,66,5,2617,0.004335287000685639,0,1
625,14,19,88,5,3872,0.0058235500000591855,5,1
626,14,18,84,5,3621,0.005269348999718204,4,1
627,14,14,66,5,2617,0.003933140999833995,0,1
628,14,16,71,5,3099,0.004834803999983706,2,1
629,14,18,83,5,3677,0.005922575000113284,5,1
630,14,15,69,5,2858,0.005197782999857736,1,1
631,14,15,70,5,2863,0.0048074120004457654,1,1
632,17,17,86,4,3263,0.0052478859997791005,2,1
633,17,17,86,4,3263,0.004699917999460013,2,1
634,17,16,81,4,2931,0.004296086000067589,0,1
635,17,20,115,5,5799,0.008200414000384626,8,1
636,17,18,106,5,5014,0.007139846999962174,5,1
637,17,18,91,4,3419,0.004898598000181664,2,1
638,17,18,85,4,3403,0.007398853999802668,2,1
639,17,21,102,4,4230,0.005894757000532991,6,1
640,16,21,105,5,5344,0.007763640000121086,6,1
641,16,16,78,4,2747,0.004002148999461497,1,1
642,16,16,89,4,2950,0.004325400999732665,4,1
643,16,20,116,5,5560,0.009022457999890321,9,1
644,16,17,81,4,2964,0.00430102199970861,2,1
645,16,15,76,4,2530,0.0051301610001246445,0,1
646,16,18,93,4,3384,0.005046811000283924,6,1
647,16,17,83,4,3051,0.004450871000699408,3,1
648,15,15,82,4,2455,0.003711198000019067,5,1
649,15,17,89,4,2833,0.004108559000087553,7,1
650,15,17,85,5,3612,0.005276754000078654,3,1
651,15,18,92,5,4002,0.005887039999834087,5,1
652,15,19,109,5,4885,0.0069396789995153085,12,1
653,15,15,76,4,2359,0.003465390000201296,3,1
654,15,15,75,4,2215,0.0035558540002966765,1,1
655,15,15,72,4,2215,0.0032995190003930475,1,1
656,17,18,104,6,6274,0.009133227000347688,1,1
657,17,19,94,5,5536,0.008680433000336052,4,1
658,17,17,86,5,4588,0.008093170000393002,0,1
659,17,18,95,5,4922,0.006900078999933612,1,1
660,17,19,111,6,6896,0.011830486999315326,3,1
661,17,24,133,6,9805,0.014055635000659095,11,1
662,17,24,149,6,10280,0.014920008999979473,13,1
663,17,18,90,5,4927,0.007409390000248095,1,1
664,13,17,99,5,3982,0.005979542999739351,5,1
665,13,16,82,5,3679,0.005283954000333324,4,1
666,13,14,75,5,3077,0.0046901829991838895,1,1
667,13,13,73,5,2822,0.004170830000475689,0,1
668,13,13,73,5,2822,0.004621908999979496,0,1
669,13,14,75,5,3077,0.004883146000793204,1,1
670,13,15,97,6,4892,0.007227280999359209,7,1
671,13,13,73,5,2822,0.005250931999398745,0,1
672,14,14,89,5,3928,0.005929030999141105,1,1
673,14,15,84,5,4223,0.008064676999310905,2,1
674,14,19,112,5,5641,0.007886199000495253,7,1
675,14,15,96,6,5632,0.00830040100026963,3,1
676,14,16,106,5,4821,0.006834318999608513,5,1
677,14,14,94,6,5076,0.007781649999742513,1,1
678,14,15,87,5,4339,0.00616207100028987,3,1
679,14,13,80,5,3623,0.005175473999770475,0,1
680,14,19,101,5,4266,0.006047558000318531,6,1
681,14,17,86,5,3496,0.004990774000361853,1,1
682,14,18,98,5,3980,0.005933035000452946,5,1
683,14,20,120,6,6345,0.009510781000244606,12,1
684,14,20,101,5,4400,0.006252510999729566,5,1
685,14,22,127,6,7107,0.010100032999616815,12,1
686,14,18,88,5,3760,0.0055854800002634875,2,1
687,14,17,93,5,3662,0.005899566000152845,3,1
688,15,17,99,5,4063,0.006158455000331742,4,1
689,15,17,82,4,2755,0.00397581800007174,2,1
690,15,21,121,5,5593,0.008290674999443581,11,1
691,15,20,88,4,3301,0.0046660569996674894,4,1
692,15,17,92,5,3961,0.006184713000038755,4,1
693,15,16,78,4,2469,0.00403783499950805,0,1
694,15,17,87,4,2816,0.00414440199983801,3,1
695,15,18,93,5,4173,0.006183563999911712,4,1
696,14,19,83,4,2928,0.004144943000028434,4,1
697,14,16,79,4,2496,0.003756500000235974,3,1
698,14,15,72,4,2152,0.0031900089998089243,0,1
699,14,19,83,4,2928,0.004224237000016728,4,1
700,14,17,79,4,2540,0.003720350000548933,2,1
701,14,16,74,4,2346,0.0035544120000849944,1,1
702,14,15,72,4,2152,0.003273739000178466,0,1
703,14,19,110,5,4674,0.006584568000107538,10,1
704,17,19,99,6,6259,0.011312331999761227,1,1
705,17,21,108,6,7240,0.01089848300034646,4,1
706,17,23,129,6,8867,0.012181016999420535,13,1
707,17,24,153,7,11723,0.01711985600013577,14,1
708,17,18,97,6,5855,0.00845961599952716,0,1
709,17,21,142,7,10595,0.014233388000320701,13,1
710,17,18,97,6,5855,0.008642617999612412,0,1
711,17,21,129,6,7970,0.011139180999634846,9,1
712,12,12,45,3,707,0.0012051130006511812,0,1
713,12,15,78,4,1952,0.0030122019998088945,12,1
714,12,13,54,4,1248,0.001990560999729496,2,1
715,12,15,54,3,989,0.0016617480005152174,3,1
716,12,17,65,4,1852,0.006514576999506971,7,1
717,12,13,48,3,798,0.0014201609992596786,1,1
718,12,12,45,3,707,0.0015352339996752562,0,1
719,12,12,45,3,707,0.001249482999810425,0,1
720,16,19,114,6,6820,0.01015316899975005,9,1
721,16,18,94,5,4616,0.006671563000054448,4,1
722,16,17,90,5,4235,0.006475193000369472,2,1
723,16,17,86,5,4123,0.005841623000378604,1,1
724,16,19,118,6,6852,0.009691304000625678,9,1
725,16,16,84,5,3826,0.0054822419997435645,0,1
726,16,19,114,5,5251,0.0075356409997766605,8,1
727,16,16,84,5,3826,0.005590001000200573,0,1
728,13,17,77,4,2544,0.00387261000014405,6,1
729,13,14,61,4,1779,0.0028619250006158836,0,1
730,13,15,63,4,1955,0.003098211999713385,1,1
731,13,16,68,4,2131,0.0031679280000389554,2,1
732,13,16,67,4,2131,0.003880320000462234,2,1
733,13,19,79,4,2803,0.004153413000494766,7,1
734,13,17,71,4,2319,0.0037062259998492664,3,1
735,13,14,61,4,1779,0.00303374699979031,0,1
736,12,12,68,5,2547,0.004551230000288342,0,1
737,12,14,83,5,3296,0.0049671540000417735,5,1
738,12,15,93,5,3498,0.005280874000163749,5,1
739,12,12,68,5,2547,0.0038264469994828687,0,1
740,12,12,68,5,2547,0.003807195999797841,0,1
741,12,12,68,5,2547,0.003835786999843549,0,1
742,12,12,68,5,2547,0.004155878000347002,0,1
743,12,15,103,5,3735,0.005925061999732861,9,1
744,14,14,72,6,3803,0.0056853290006984025,0,1
745,14,19,104,7,6661,0.009469222000006994,5,1
746,14,18,91,6,5266,0.008975397000540397,5,1
747,14,14,72,6,3803,0.0061983410005268524,0,1
748,14,20,99,6,5795,0.00955703599993285,6,1
749,14,14,72,6,3803,0.005722466000406712,0,1
750,14,15,80,6,4135,0.006842105000032461,1,1
751,14,14,72,6,3803,0.005916645000070275,0,1
752,16,22,106,5,5736,0.00846778999948583,5,1
753,16,19,94,5,4758,0.006756307999239652,2,1
754,16,20,111,6,6893,0.00980042700030026,6,1
755,16,18,88,5,4316,0.0063106509996941895,0,1
756,16,21,94,5,5255,0.0073272800000268035,3,1
757,16,19,90,5,4629,0.006470074999924691,1,1
758,16,19,90,5,4629,0.006436686000597547,1,1
759,16,19,95,5,4639,0.0070108750005601905,1,1
760,18,23,122,6,8755,0.011969440000029863,6,1
761,18,23,111,6,8260,0.012998148999940895,3,1
762,18,23,109,6,8095,0.012423836000380106,2,1
763,18,25,118,6,9315,0.012733370000205468,6,1
764,18,22,107,6,7650,0.010494398999981058,1,1
765,18,23,129,6,8311,0.012207183000100486,3,1
766,18,25,135,6,9558,0.012968752999768185,7,1
767,18,24,127,6,8898,0.012600519000443455,5,1
768,12,14,76,5,3149,0.00584435500059044,0,1
769,12,17,93,5,4052,0.006160001000353077,4,1
770,12,14,76,5,3149,0.005168552999748499,0,1
771,12,16,84,5,3783,0.006111268000495329,3,1
772,12,19,118,6,6681,0.010620687000482576,11,1
773,12,14,76,5,3149,0.004959949000294728,0,1
774,12,17,100,5,4243,0.006304859000010765,6,1
775,12,18,100,5,4345,0.006300211999587191,5,1
776,14,15,60,4,1698,0.002864357000362361,0,1
777,14,18,86,4,2573,0.004272131999641715,8,1
778,14,16,62,4,1866,0.003194429999894055,1,1
779,14,17,65,4,2034,0.0033273589997406816,2,1
780,14,17,90,5,3480,0.006122925999989093,10,1
781,14,16,62,4,1866,0.0028682880001724698,1,1
782,14,19,97,5,3792,0.005480884999997215,10,1
783,14,15,60,4,1698,0.0026652650003597955,0,1
784,16,21,114,5,5864,0.009061972000381502,9,1
785,16,21,108,4,4115,0.0059824769996339455,8,1
786,16,21,113,5,5728,0.008046330000070157,8,1
787,16,19,120,5,5578,0.007871014000556897,12,1
788,16,19,107,5,5028,0.010334757000237005,7,1
789,16,17,83,4,2823,0.004681481999796233,0,1
790,16,20,115,5,5253,0.007765256999846315,6,1
791,16,19,105,5,4964,0.007303707999199105,6,1
792,12,10,56,6,2193,0.003572680999241129,0,1
793,12,10,56,6,2193,0.003986810000242258,0,1
794,12,11,59,6,2438,0.006745955000042159,1,1
795,12,12,77,7,3452,0.005634094999550143,3,1
796,12,12,67,6,2845,0.00476664600046206,4,1
797,12,10,56,6,2193,0.00341058400044858,0,1
798,12,13,73,6,3174,0.004732633000458009,6,1
799,12,12,77,7,3605,0.006145600000309059,5,1
800,16,19,102,5,5713,0.00812654399942403,2,1
801,16,19,124,5,6331,0.008830458999909752,7,1
802,16,17,96,5,5007,0.007096642000760767,0,1
803,16,22,114,5,6772,0.01104721200044878,5,1
804,16,20,103,5,6051,0.00858776899985969,3,1
805,16,17,96,5,5007,0.007034952000140038,0,1
806,16,19,108,5,5835,0.008927087999836658,3,1
807,16,18,118,5,5644,0.009305456000220147,3,1
808,10,12,63,4,1307,0.002185604999795032,6,1
809,10,12,48,4,1080,0.0018785610000122688,1,1
810,10,12,63,4,1307,0.0021921369998381124,6,1
811,10,12,63,4,1307,0.0021266300000206684,6,1
812,10,11,46,4,959,0.0019130069995298982,0,1
813,10,13,70,5,1941,0.003196581000338483,7,1
814,10,13,68,4,1401,0.0022521410000990727,6,1
815,10,13,68,6,2464,0.004032026000459155,8,1
816,13,18,79,4,2476,0.004373104000478634,7,1
817,13,16,76,4,2211,0.003469668000434467,6,1
818,13,13,57,4,1503,0.0025201040007232223,0,1
819,13,14,77,5,2564,0.00408489199980977,5,1
820,13,20,97,4,3028,0.004623904000254697,11,1
821,13,15,61,4,1821,0.0027758629994423245,2,1
822,13,16,66,4,1980,0.0030067849993429263,3,1
823,13,16,63,4,1980,0.003059902000131842,3,1
824,11,15,78,4,2177,0.0038042070000301464,5,1
825,11,13,64,4,1819,0.003219183000510384,3,1
826,11,16,81,5,3071,0.004874276000009559,5,1
827,11,15,77,4,2246,0.00360654600081034,6,1
828,11,13,62,4,1819,0.002806681999572902,3,1
829,11,13,64,4,1764,0.002780781999717874,2,1
830,11,13,76,4,1917,0.0029443459998219623,5,1
831,11,14,73,5,2790,0.0041094540001722635,5,1
832,13,13,56,4,1519,0.002452814999742259,1,1
833,13,14,68,4,1868,0.0030587660003220662,5,1
834,13,13,62,4,1527,0.0027455930003270623,1,1
835,13,15,60,4,1823,0.0028352799999993294,3,1
836,13,19,87,5,3422,0.005245185000603669,8,1
837,13,14,58,4,1671,0.0025825639995673555,2,1
838,13,17,74,5,2944,0.004265493999810133,6,1
839,13,13,60,4,1579,0.002453893000165408,2,1
840,14,17,83,4,2661,0.004178273000434274,2,1
841,14,18,90,4,2874,0.004705168999862508,3,1
842,14,19,103,5,4581,0.007008577000306104,7,1
843,14,21,109,5,4928,0.006882624000354554,7,1
844,14,17,82,4,2589,0.0038480579996758024,1,1
845,14,17,83,4,2661,0.004139674999350973,2,1
846,14,18,99,5,4223,0.0068163760006427765,6,1
847,14,19,101,5,4473,0.007046370000352908,6,1
848,17,20,93,4,3468,0.004947406999235682,4,1
849,17,17,83,4,2718,0.004167618999417755,0,1
850,17,20,107,5,5154,0.007561221000287333,8,1
851,17,20,96,5,4798,0.00728984999932436,4,1
852,17,19,88,4,3154,0.00505312400036928,2,1
853,17,19,87,4,3154,0.005011379000279703,2,1
854,17,17,83,4,2718,0.004291911999644071,0,1
855,17,24,135,5,6642,0.009144709000793227,15,1
856,11,11,58,4,1487,0.002346585999475792,1,1
857,11,10,55,4,1332,0.0024891130005926243,0,1
858,11,11,61,4,1491,0.002378381000198715,1,1
859,11,11,61,4,1491,0.0026405919998069294,1,1
860,11,13,85,5,2661,0.004132734999984677,5,1
861,11,12,65,4,1711,0.0027154649997100933,3,1
862,11,10,55,4,1332,0.002249558000585239,0,1
863,11,10,55,4,1332,0.0021515579992410494,0,1
864,14,18,111,6,5985,0.008433584999693267,5,1
865,14,17,117,6,6843,0.010410744000182603,12,1
866,14,13,74,5,3226,0.005007936000765767,0,1
867,14,14,77,5,3505,0.005091340000035416,1,1
868,14,15,90,5,3804,0.005586840999967535,2,1
869,14,15,81,5,3892,0.005678915999851597,3,1
870,14,17,107,6,5768,0.008741634999751113,5,1
871,14,14,76,5,3505,0.005471450000186451,1,1
872,16,16,100,5,5000,0.007123379999939061,1,1
873,16,16,105,5,5127,0.007667064999623108,2,1
874,16,20,148,6,8885,0.013793140999950992,8,1
875,16,15,95,5,4655,0.006871909999972559,0,1
876,16,19,131,6,8635,0.012023389000205498,10,1
877,16,24,162,6,10944,0.017249503000130062,13,1
878,16,19,142,6,8637,0.013351274999877205,8,1
879,16,15,95,5,4655,0.007570149999992282,0,1
880,17,19,120,5,6402,0.00975456300056976,3,1
881,17,24,137,5,8370,0.012671841000155837,8,1
882,17,24,168,5,8899,0.01306349000060436,11,1
883,17,17,99,4,3906,0.006540314000631042,0,1
884,17,18,101,4,4182,0.006740681999872322,1,1
885,17,18,105,4,4190,0.00600581799972133,1,1
886,17,19,104,4,4458,0.008840594000503188,2,1
887,17,24,136,5,8487,0.011870121999891126,9,1
888,10,9,38,5,920,0.0015813630006960011,0,1
889,10,12,50,5,1334,0.002315627999450953,3,1
890,10,10,41,5,1053,0.0017825850000008359,1,1
891,10,10,40,5,1053,0.0017564159998073592,1,1
892,10,12,50,5,1334,0.0021580000002359156,3,1
893,10,12,59,6,1965,0.003025198000614182,7,1
894,10,9,38,5,920,0.0016429520001111086,0,1
895,10,9,38,5,920,0.0018359100004090578,0,1
896,11,10,65,4,1455,0.0026509330000408227,4,1
897,11,11,67,5,2104,0.0034603480007717735,4,1
898,11,12,70,4,1751,0.0027173239996045595,6,1
899,11,10,52,4,1264,0.0020498780004345463,1,1
900,11,13,65,5,2294,0.003451149000284204,4,1
901,11,10,50,4,1260,0.0023280219993466744,1,1
902,11,13,83,5,2835,0.004421852000632498,10,1
903,11,10,49,4,1260,0.0020688740005425643,1,1
904,15,18,95,5,4230,0.006085971999709727,6,1
905,15,16,77,5,3399,0.005052373999205884,1,1
906,15,19,115,5,4866,0.006838389000222378,10,1
907,15,17,81,5,3674,0.005708085000151186,2,1
908,15,16,77,5,3399,0.005174642000383756,1,1
909,15,17,97,5,3981,0.006047532000593492,5,1
910,15,16,77,5,3399,0.006044653000571998,1,1
911,15,20,107,5,4902,0.007438331999765069,8,1
912,17,28,186,6,15114,0.02000789000067016,15,1
913,17,24,171,6,12922,0.017098338999858242,12,1
914,17,23,159,6,11832,0.016107829999782552,7,1
915,17,20,135,6,9946,0.01423720900038461,3,1
916,17,21,149,6,10455,0.016550065000046743,4,1
917,17,23,154,6,11573,0.015779685999405046,6,1
918,17,22,158,6,11503,0.01607642900034989,8,1
919,17,22,143,6,10666,0.01541098100005911,3,1
920,10,15,74,5,2428,0.0037824579994776286,7,1
921,10,14,75,5,2276,0.003580569999940053,6,1
922,10,11,48,4,1080,0.00180882200038468,0,1
923,10,13,56,4,1352,0.002250722999633581,2,1
924,10,14,67,5,2173,0.003949263999857067,5,1
925,10,11,48,4,1080,0.0018092479995175381,0,1
926,10,13,55,4,1344,0.0022033440000086557,2,1
927,10,13,61,5,1900,0.002988459000334842,3,1
928,17,21,109,5,5932,0.008471201999782352,4,1
929,17,18,101,5,4821,0.006986385000345763,0,1
930,17,22,143,6,8930,0.014360058000420395,10,1
931,17,18,101,5,4821,0.007426866999594495,0,1
932,17,19,107,5,5266,0.00776932700046018,2,1
933,17,19,105,5,5266,0.007996393999746942,2,1
934,17,24,155,6,10212,0.014374869000675972,14,1
935,17,19,103,5,5154,0.007307142000172462,1,1
936,17,19,133,5,6833,0.009686905000307888,8,1
937,17,17,97,4,3923,0.005749654000283044,2,1
938,17,16,92,4,3557,0.005370849999962957,0,1
939,17,18,116,5,5843,0.008511523999914061,3,1
940,17,22,144,5,8043,0.01434801300001709,11,1
941,17,19,102,5,6031,0.010106182999152225,3,1
942,17,22,161,5,8677,0.012364025999886508,16,1
943,17,18,96,4,4085,0.006123039999692992,2,1
944,15,19,121,5,5084,0.007884674000706582,8,1
945,15,14,82,5,3301,0.0052299649996712105,0,1
946,15,15,86,5,3674,0.005536022999876877,2,1
947,15,14,82,5,3301,0.0051261759999761125,0,1
948,15,17,95,5,4319,0.006179762999636296,5,1
949,15,15,90,5,3770,0.00649429599980067,3,1
950,15,14,82,5,3301,0.005254200000308629,0,1
951,15,21,129,6,7189,0.010733281000284478,9,1
952,12,12,50,4,1396,0.0023209350001707207,3,1
953,12,11,46,4,1199,0.001946539999153174,1,1
954,12,11,46,4,1199,0.0019428130008236622,1,1
955,12,10,44,4,1062,0.0019143990002703504,0,1
956,12,11,48,4,1259,0.0023321129992837086,2,1
957,12,10,44,4,1062,0.0023519440001109615,0,1
958,12,12,64,5,2126,0.003986552000242227,6,1
959,12,10,44,4,1062,0.0018999929998244625,0,1
