scenario,method,n_folds,local_f1_mean,local_f1_std,local_false_alarm_rate_mean,local_false_alarm_rate_std,critical_f1_macro_mean,critical_f1_macro_std,critical_balanced_accuracy_mean,critical_balanced_accuracy_std
standard,FixedThreshold,10,0.5051094150678808,0.03593795849060865,0.0004933327686277866,0.00027528021725571047,0.7093446779253931,0.04985207055373143,0.6636613983528444,0.04234100257870616
standard,SingleCenter,10,0.7730941775445009,0.027454001845395214,0.05303034410773193,0.007546324713195729,0.847489646384803,0.033980651766036415,0.9332052254331199,0.01535857788347189
standard,KMeans,10,0.7762574687798436,0.026665080456129822,0.05198160590781329,0.006449369293902898,0.8638499999170627,0.03477145502827002,0.9414601699831857,0.01572131931167747
redundant,FixedThreshold,10,0.4869739181693385,0.06231867767072269,0.0008621224136144233,0.0007405941657707657,0.7380318385861543,0.024979706153960682,0.6781767455148463,0.024706279681534438
redundant,SingleCenter,10,0.7771221384751319,0.022531724734536584,0.05282142039263017,0.008274190832370782,0.8629021259695261,0.032077473387685004,0.9555899973922367,0.016201736361184157
redundant,KMeans,10,0.7882627542567564,0.01628298839389947,0.04920706637162676,0.004361404545267922,0.8779143742354011,0.031891182505727235,0.9609252721583219,0.015676932940230946
dense,FixedThreshold,10,0.520877367776346,0.034837088722758563,0.0007025992903473403,0.00027102951858373183,0.6871809774210256,0.02431501371237673,0.6952482993174682,0.02028714145771282
dense,SingleCenter,10,0.7701576272933578,0.018896018497781424,0.05234821467433178,0.005014716805663697,0.8435229041972772,0.022138426823503875,0.8627083035178996,0.020752682531725537
dense,KMeans,10,0.7547817249910379,0.023248366955692476,0.05709639770901741,0.007037188683816905,0.8243664925089472,0.03387325110738201,0.8461281288146036,0.030076268761056138
