case,fault,method,test_normal,test_fault,f1_macro,balanced_accuracy,false_alarm_rate,fault_period_recall
re2ob_checkoutservice_cpu_1,cpu,SingleCenter,144,721,0.8889385348617445,0.8652912621359223,0.25,0.9805825242718447
re2ob_checkoutservice_cpu_1,cpu,KMeans,144,721,0.8914932888912783,0.8687634843581445,0.24305555555555555,0.9805825242718447
re2ob_checkoutservice_cpu_1,cpu,MaxDeviation,144,721,0.8889385348617445,0.8652912621359223,0.25,0.9805825242718447
re2ob_checkoutservice_cpu_2,cpu,SingleCenter,144,210,0.7088927137119908,0.7057539682539682,0.5694444444444444,0.9809523809523809
re2ob_checkoutservice_cpu_2,cpu,KMeans,144,210,0.7058016079782614,0.7018849206349206,0.5486111111111112,0.9523809523809523
re2ob_checkoutservice_cpu_2,cpu,MaxDeviation,144,210,0.4639277746309547,0.5451388888888888,0.9097222222222222,1.0
re2ob_checkoutservice_cpu_3,cpu,SingleCenter,144,721,0.9616502463054187,0.9513937047310834,0.09027777777777778,0.9930651872399445
re2ob_checkoutservice_cpu_3,cpu,KMeans,144,721,0.9616502463054187,0.9513937047310834,0.09027777777777778,0.9930651872399445
re2ob_checkoutservice_cpu_3,cpu,MaxDeviation,144,721,0.8418574889163124,0.7916714825088611,0.4097222222222222,0.9930651872399445
re2ob_checkoutservice_delay_1,delay,SingleCenter,144,721,0.9533962227185455,0.9458410386808445,0.09722222222222222,0.9889042995839112
re2ob_checkoutservice_delay_1,delay,KMeans,144,721,0.945542684462352,0.9430671135768223,0.09722222222222222,0.9833564493758669
re2ob_checkoutservice_delay_1,delay,MaxDeviation,144,721,0.9488669950738916,0.9388965942364,0.1111111111111111,0.9889042995839112
re2ob_checkoutservice_delay_2,delay,SingleCenter,144,721,0.9512424439879961,0.9826629680998613,0.0,0.9653259361997226
re2ob_checkoutservice_delay_2,delay,KMeans,144,721,0.9512424439879961,0.9826629680998613,0.0,0.9653259361997226
re2ob_checkoutservice_delay_2,delay,MaxDeviation,144,721,0.9512424439879961,0.9826629680998613,0.0,0.9653259361997226
re2ob_checkoutservice_delay_3,delay,SingleCenter,144,721,0.9623793380503181,0.9868238557558946,0.0,0.9736477115117892
re2ob_checkoutservice_delay_3,delay,KMeans,144,721,0.9623793380503181,0.9868238557558946,0.0,0.9736477115117892
re2ob_checkoutservice_delay_3,delay,MaxDeviation,144,721,0.9623793380503181,0.9868238557558946,0.0,0.9736477115117892
re2ob_checkoutservice_disk_1,disk,SingleCenter,144,721,0.9317700103559969,0.9090335567884111,0.1736111111111111,0.9916782246879334
re2ob_checkoutservice_disk_1,disk,KMeans,144,721,0.8842891501797703,0.8409760748959778,0.3125,0.9944521497919556
re2ob_checkoutservice_disk_1,disk,MaxDeviation,144,721,0.9539207330066056,0.9513985205732778,0.08333333333333333,0.986130374479889
re2ob_checkoutservice_disk_2,disk,SingleCenter,144,721,0.6837561167669722,0.6388888888888888,0.7222222222222222,1.0
re2ob_checkoutservice_disk_2,disk,KMeans,144,721,0.8262161570546555,0.7673611111111112,0.4652777777777778,1.0
re2ob_checkoutservice_disk_2,disk,MaxDeviation,144,721,0.6151206636500754,0.5902777777777778,0.8194444444444444,1.0
re2ob_checkoutservice_disk_3,disk,SingleCenter,144,721,0.7655191108701545,0.7159808907381723,0.5555555555555556,0.9875173370319001
re2ob_checkoutservice_disk_3,disk,KMeans,144,721,0.728367923720346,0.6812586685159501,0.625,0.9875173370319001
re2ob_checkoutservice_disk_3,disk,MaxDeviation,144,721,0.8873113991359256,0.8520910386808445,0.2847222222222222,0.9889042995839112
re2ob_checkoutservice_loss_1,loss,SingleCenter,144,721,0.9586302549141519,0.9854368932038835,0.0,0.970873786407767
re2ob_checkoutservice_loss_1,loss,KMeans,144,721,0.9586302549141519,0.9854368932038835,0.0,0.970873786407767
re2ob_checkoutservice_loss_1,loss,MaxDeviation,144,721,0.9586302549141519,0.9854368932038835,0.0,0.970873786407767
re2ob_checkoutservice_loss_2,loss,SingleCenter,144,721,0.9439968208679655,0.9798890429958391,0.0,0.9597780859916782
re2ob_checkoutservice_loss_2,loss,KMeans,144,721,0.9439968208679655,0.9798890429958391,0.0,0.9597780859916782
re2ob_checkoutservice_loss_2,loss,MaxDeviation,144,721,0.9439968208679655,0.9798890429958391,0.0,0.9597780859916782
re2ob_checkoutservice_loss_3,loss,SingleCenter,144,721,0.9558466218837414,0.9305555555555556,0.1388888888888889,1.0
re2ob_checkoutservice_loss_3,loss,KMeans,144,721,0.926645183175034,0.8888888888888888,0.2222222222222222,1.0
re2ob_checkoutservice_loss_3,loss,MaxDeviation,144,721,0.7740679866473001,0.7152777777777778,0.5694444444444444,1.0
re2ob_checkoutservice_mem_1,mem,SingleCenter,144,721,0.8282678737549066,0.7819531129603945,0.4236111111111111,0.9875173370319001
re2ob_checkoutservice_mem_1,mem,KMeans,144,721,0.8722443144609571,0.8243084450608722,0.3472222222222222,0.9958391123439667
re2ob_checkoutservice_mem_1,mem,MaxDeviation,144,721,0.7271330004295533,0.6736111111111112,0.6527777777777778,1.0
re2ob_checkoutservice_mem_2,mem,SingleCenter,144,284,0.8925142470781415,0.8748532863849765,0.22916666666666666,0.9788732394366197
re2ob_checkoutservice_mem_2,mem,KMeans,144,284,0.8984604928218314,0.8817977308294209,0.2152777777777778,0.9788732394366197
re2ob_checkoutservice_mem_2,mem,MaxDeviation,144,284,0.9005678884873516,0.8818466353677621,0.2222222222222222,0.9859154929577465
re2ob_checkoutservice_mem_3,mem,SingleCenter,144,721,0.9364493946161985,0.9291782246879334,0.125,0.9833564493758669
re2ob_checkoutservice_mem_3,mem,KMeans,144,721,0.965263095730231,0.9743171135768223,0.034722222222222224,0.9833564493758669
re2ob_checkoutservice_mem_3,mem,MaxDeviation,144,721,0.8927198313282898,0.8666782246879334,0.25,0.9833564493758669
re2ob_checkoutservice_socket_1,socket,SingleCenter,144,721,0.9793996608684055,0.9847289644012944,0.020833333333333332,0.9902912621359223
re2ob_checkoutservice_socket_1,socket,KMeans,144,721,0.9856965688300952,0.9951456310679612,0.0,0.9902912621359223
re2ob_checkoutservice_socket_1,socket,MaxDeviation,144,721,0.9856965688300952,0.9951456310679612,0.0,0.9902912621359223
re2ob_checkoutservice_socket_2,socket,SingleCenter,144,721,0.9371646359180985,0.9347357065803668,0.1111111111111111,0.9805825242718447
re2ob_checkoutservice_socket_2,socket,KMeans,144,721,0.9322126875906116,0.9250125211897057,0.13194444444444445,0.9819694868238558
re2ob_checkoutservice_socket_2,socket,MaxDeviation,144,721,0.9719192312686664,0.9902912621359223,0.0,0.9805825242718447
re2ob_checkoutservice_socket_3,socket,SingleCenter,144,721,0.9306168284270474,0.9138975574048389,0.1597222222222222,0.9875173370319001
re2ob_checkoutservice_socket_3,socket,KMeans,144,721,0.9061298524122535,0.8791753351826168,0.22916666666666666,0.9875173370319001
re2ob_checkoutservice_socket_3,socket,MaxDeviation,144,721,0.859726516869374,0.8173688164586224,0.3541666666666667,0.9889042995839112
re2ob_currencyservice_cpu_1,cpu,SingleCenter,144,721,0.9699917433929798,0.9895977808599168,0.0,0.9791955617198336
re2ob_currencyservice_cpu_1,cpu,KMeans,144,721,0.9615887105632799,0.975708891971028,0.027777777777777776,0.9791955617198336
re2ob_currencyservice_cpu_1,cpu,MaxDeviation,144,721,0.9699917433929798,0.9895977808599168,0.0,0.9791955617198336
re2ob_currencyservice_cpu_2,cpu,SingleCenter,144,721,0.9661662352602819,0.9882108183079057,0.0,0.9764216366158114
re2ob_currencyservice_cpu_2,cpu,KMeans,144,721,0.9640833763932974,0.9847385960856835,0.006944444444444444,0.9764216366158114
re2ob_currencyservice_cpu_2,cpu,MaxDeviation,144,721,0.9680741123495977,0.9889042995839112,0.0,0.9778085991678225
re2ob_currencyservice_cpu_3,cpu,SingleCenter,144,721,0.9368876979099646,0.9771151178918169,0.0,0.9542302357836339
re2ob_currencyservice_cpu_3,cpu,KMeans,144,721,0.9368876979099646,0.9771151178918169,0.0,0.9542302357836339
re2ob_currencyservice_cpu_3,cpu,MaxDeviation,144,721,0.9333826224912589,0.9757281553398058,0.0,0.9514563106796117
re2ob_currencyservice_delay_1,delay,SingleCenter,144,721,0.8358945171694177,0.7777777777777778,0.4444444444444444,1.0
re2ob_currencyservice_delay_1,delay,KMeans,144,721,0.8759459876883702,0.8305594082293111,0.3333333333333333,0.9944521497919556
re2ob_currencyservice_delay_1,delay,MaxDeviation,144,721,0.851525475010837,0.7951388888888888,0.4097222222222222,1.0
re2ob_currencyservice_delay_2,delay,SingleCenter,144,721,0.9642680105750165,0.9875173370319001,0.0,0.9750346740638003
re2ob_currencyservice_delay_2,delay,KMeans,144,721,0.9642680105750165,0.9875173370319001,0.0,0.9750346740638003
re2ob_currencyservice_delay_2,delay,MaxDeviation,144,721,0.9642680105750165,0.9875173370319001,0.0,0.9750346740638003
re2ob_currencyservice_delay_3,delay,SingleCenter,144,721,0.9567696501590186,0.984743411927878,0.0,0.9694868238557559
re2ob_currencyservice_delay_3,delay,KMeans,144,721,0.9567696501590186,0.984743411927878,0.0,0.9694868238557559
re2ob_currencyservice_delay_3,delay,MaxDeviation,144,721,0.9567696501590186,0.984743411927878,0.0,0.9694868238557559
re2ob_currencyservice_disk_1,disk,SingleCenter,144,721,0.9738566802052409,0.9909847434119279,0.0,0.9819694868238558
re2ob_currencyservice_disk_1,disk,KMeans,144,721,0.9738566802052409,0.9909847434119279,0.0,0.9819694868238558
re2ob_currencyservice_disk_1,disk,MaxDeviation,144,721,0.9457952124326356,0.9805825242718447,0.0,0.9611650485436893
re2ob_currencyservice_disk_2,disk,SingleCenter,144,721,0.9719192312686664,0.9902912621359223,0.0,0.9805825242718447
re2ob_currencyservice_disk_2,disk,KMeans,144,721,0.9719192312686664,0.9902912621359223,0.0,0.9805825242718447
re2ob_currencyservice_disk_2,disk,MaxDeviation,144,721,0.9719192312686664,0.9902912621359223,0.0,0.9805825242718447
re2ob_currencyservice_disk_3,disk,SingleCenter,144,721,0.9133945948849942,0.907656225920789,0.1597222222222222,0.9750346740638003
re2ob_currencyservice_disk_3,disk,KMeans,144,721,0.9204085388295915,0.9180728925874557,0.1388888888888889,0.9750346740638003
re2ob_currencyservice_disk_3,disk,MaxDeviation,144,721,0.9227195568658983,0.9215451148096779,0.13194444444444445,0.9750346740638003
re2ob_currencyservice_loss_1,loss,SingleCenter,144,721,0.9180042972699696,0.8833362228386501,0.22916666666666666,0.9958391123439667
re2ob_currencyservice_loss_1,loss,KMeans,144,721,0.9234298374512189,0.9034808907381723,0.18055555555555555,0.9875173370319001
re2ob_currencyservice_loss_1,loss,MaxDeviation,144,721,0.9329498945801811,0.9041695561719834,0.1875,0.9958391123439667
re2ob_currencyservice_loss_2,loss,SingleCenter,144,721,0.9478500009275233,0.9652970411465558,0.041666666666666664,0.9722607489597781
re2ob_currencyservice_loss_2,loss,KMeans,144,721,0.9391895691950058,0.9514081522576668,0.06944444444444445,0.9722607489597781
re2ob_currencyservice_loss_2,loss,MaxDeviation,144,721,0.9605001187279668,0.986130374479889,0.0,0.9722607489597781
re2ob_currencyservice_loss_3,loss,SingleCenter,144,721,0.9364493946161985,0.9291782246879334,0.125,0.9833564493758669
re2ob_currencyservice_loss_3,loss,KMeans,144,721,0.9738566802052409,0.9909847434119279,0.0,0.9819694868238558
re2ob_currencyservice_loss_3,loss,MaxDeviation,144,721,0.9738566802052409,0.9909847434119279,0.0,0.9819694868238558
re2ob_currencyservice_mem_1,mem,SingleCenter,144,721,0.9877067818770962,0.9958391123439667,0.0,0.9916782246879334
re2ob_currencyservice_mem_1,mem,KMeans,144,721,0.9856189777242597,0.9923668901217445,0.006944444444444444,0.9916782246879334
re2ob_currencyservice_mem_1,mem,MaxDeviation,144,721,0.9877067818770962,0.9958391123439667,0.0,0.9916782246879334
re2ob_currencyservice_mem_2,mem,SingleCenter,144,721,0.9738566802052409,0.9909847434119279,0.0,0.9819694868238558
re2ob_currencyservice_mem_2,mem,KMeans,144,721,0.9600922722029989,0.9562577053475112,0.0763888888888889,0.9889042995839112
re2ob_currencyservice_mem_2,mem,MaxDeviation,144,721,0.950287356321839,0.9527902989674835,0.0763888888888889,0.9819694868238558
re2ob_currencyservice_mem_3,mem,SingleCenter,144,721,0.9836970862075465,0.9944521497919556,0.0,0.9889042995839112
re2ob_currencyservice_mem_3,mem,KMeans,144,721,0.9836970862075465,0.9944521497919556,0.0,0.9889042995839112
re2ob_currencyservice_mem_3,mem,MaxDeviation,144,721,0.9836970862075465,0.9944521497919556,0.0,0.9889042995839112
re2ob_currencyservice_socket_1,socket,SingleCenter,144,721,0.6684291315505853,0.7703276699029127,0.1875,0.7281553398058253
re2ob_currencyservice_socket_1,socket,KMeans,144,721,0.85156623749402,0.8264081522576668,0.3194444444444444,0.9722607489597781
re2ob_currencyservice_socket_1,socket,MaxDeviation,144,721,0.7075575427706422,0.6701581522576668,0.6319444444444444,0.9722607489597781
re2ob_currencyservice_socket_2,socket,SingleCenter,144,721,0.9938029702757499,0.9979195561719834,0.0,0.9958391123439667
re2ob_currencyservice_socket_2,socket,KMeans,144,721,0.9938029702757499,0.9979195561719834,0.0,0.9958391123439667
re2ob_currencyservice_socket_2,socket,MaxDeviation,144,721,0.9938029702757499,0.9979195561719834,0.0,0.9958391123439667
re2ob_currencyservice_socket_3,socket,SingleCenter,144,721,0.8927198313282898,0.8666782246879334,0.25,0.9833564493758669
re2ob_currencyservice_socket_3,socket,KMeans,144,721,0.8606746910327845,0.8201475574048389,0.3472222222222222,0.9875173370319001
re2ob_currencyservice_socket_3,socket,MaxDeviation,144,721,0.8451901565995525,0.8000077053475112,0.3888888888888889,0.9889042995839112
re2ob_emailservice_cpu_1,cpu,SingleCenter,144,721,0.9758041958041959,0.9916782246879334,0.0,0.9833564493758669
re2ob_emailservice_cpu_1,cpu,KMeans,144,721,0.9758041958041959,0.9916782246879334,0.0,0.9833564493758669
re2ob_emailservice_cpu_1,cpu,MaxDeviation,144,721,0.9758041958041959,0.9916782246879334,0.0,0.9833564493758669
re2ob_emailservice_cpu_2,cpu,SingleCenter,144,721,0.9938029702757499,0.9979195561719834,0.0,0.9958391123439667
re2ob_emailservice_cpu_2,cpu,KMeans,144,721,0.9938029702757499,0.9979195561719834,0.0,0.9958391123439667
re2ob_emailservice_cpu_2,cpu,MaxDeviation,144,721,0.9938029702757499,0.9979195561719834,0.0,0.9958391123439667
re2ob_emailservice_cpu_3,cpu,SingleCenter,144,721,0.9302932105171904,0.9243190399137001,0.13194444444444445,0.9805825242718447
re2ob_emailservice_cpu_3,cpu,KMeans,144,721,0.927975980565025,0.9208468176914779,0.1388888888888889,0.9805825242718447
re2ob_emailservice_cpu_3,cpu,MaxDeviation,144,721,0.9302932105171904,0.9243190399137001,0.13194444444444445,0.9805825242718447
re2ob_emailservice_delay_1,delay,SingleCenter,144,721,0.9254310344827585,0.9277960779781168,0.11805555555555555,0.9736477115117892
re2ob_emailservice_delay_1,delay,KMeans,144,721,0.9254310344827585,0.9277960779781168,0.11805555555555555,0.9736477115117892
re2ob_emailservice_delay_1,delay,MaxDeviation,144,721,0.9254310344827585,0.9277960779781168,0.11805555555555555,0.9736477115117892
re2ob_emailservice_delay_2,delay,SingleCenter,144,721,0.9368876979099646,0.9771151178918169,0.0,0.9542302357836339
re2ob_emailservice_delay_2,delay,KMeans,144,721,0.9368876979099646,0.9771151178918169,0.0,0.9542302357836339
re2ob_emailservice_delay_2,delay,MaxDeviation,144,721,0.9605001187279668,0.986130374479889,0.0,0.9722607489597781
re2ob_emailservice_delay_3,delay,SingleCenter,144,721,0.9554056840763376,0.968070966250578,0.041666666666666664,0.9778085991678225
re2ob_emailservice_delay_3,delay,KMeans,144,721,0.9378591954022988,0.9402931884728001,0.09722222222222222,0.9778085991678225
re2ob_emailservice_delay_3,delay,MaxDeviation,144,721,0.9596736596736597,0.9750154106950224,0.027777777777777776,0.9778085991678225
re2ob_emailservice_disk_1,disk,SingleCenter,144,721,0.9877067818770962,0.9958391123439667,0.0,0.9916782246879334
re2ob_emailservice_disk_1,disk,KMeans,144,721,0.9877067818770962,0.9958391123439667,0.0,0.9916782246879334
re2ob_emailservice_disk_1,disk,MaxDeviation,144,721,0.9877067818770962,0.9958391123439667,0.0,0.9916782246879334
re2ob_emailservice_disk_2,disk,SingleCenter,144,721,0.7707013044657609,0.7180613345661889,0.5555555555555556,0.9916782246879334
re2ob_emailservice_disk_2,disk,KMeans,144,721,0.8126456598771475,0.7645920018492833,0.4583333333333333,0.9875173370319001
re2ob_emailservice_disk_2,disk,MaxDeviation,144,721,0.8037347128627504,0.7611245954692556,0.4583333333333333,0.9805825242718447
re2ob_emailservice_disk_3,disk,SingleCenter,144,721,0.9856965688300952,0.9951456310679612,0.0,0.9902912621359223
re2ob_emailservice_disk_3,disk,KMeans,144,721,0.9815101142169053,0.9882011866235167,0.013888888888888888,0.9902912621359223
re2ob_emailservice_disk_3,disk,MaxDeviation,144,721,0.953128078817734,0.9430622977346279,0.10416666666666667,0.9902912621359223
re2ob_emailservice_loss_1,loss,SingleCenter,144,721,0.8999981082143436,0.9618585298196949,0.0,0.9237170596393898
re2ob_emailservice_loss_1,loss,KMeans,144,721,0.8999981082143436,0.9618585298196949,0.0,0.9237170596393898
re2ob_emailservice_loss_1,loss,MaxDeviation,144,721,0.8999981082143436,0.9618585298196949,0.0,0.9237170596393898
re2ob_emailservice_loss_2,loss,SingleCenter,144,721,0.8508356463709916,0.8576774156264448,0.22916666666666666,0.9445214979195562
re2ob_emailservice_loss_2,loss,KMeans,144,721,0.8832721580481486,0.9111525273539837,0.11805555555555555,0.9403606102635229
re2ob_emailservice_loss_2,loss,MaxDeviation,144,721,0.8783379211959252,0.909072083525967,0.11805555555555555,0.9361997226074896
re2ob_emailservice_loss_3,loss,SingleCenter,144,721,0.7968120805369128,0.7583506703652334,0.4583333333333333,0.9750346740638003
re2ob_emailservice_loss_3,loss,KMeans,144,721,0.8162942317930695,0.7659789644012944,0.4583333333333333,0.9902912621359223
re2ob_emailservice_loss_3,loss,MaxDeviation,144,721,0.8163013931362555,0.7569444444444444,0.4861111111111111,1.0
re2ob_emailservice_mem_1,mem,SingleCenter,144,721,0.9699917433929798,0.9895977808599168,0.0,0.9791955617198336
re2ob_emailservice_mem_1,mem,KMeans,144,721,0.9699917433929798,0.9895977808599168,0.0,0.9791955617198336
re2ob_emailservice_mem_1,mem,MaxDeviation,144,721,0.9699917433929798,0.9895977808599168,0.0,0.9791955617198336
re2ob_emailservice_mem_2,mem,SingleCenter,144,721,0.9958572796934866,0.9986130374479889,0.0,0.9972260748959778
re2ob_emailservice_mem_2,mem,KMeans,144,721,0.9958572796934866,0.9986130374479889,0.0,0.9972260748959778
re2ob_emailservice_mem_2,mem,MaxDeviation,144,721,0.9958572796934866,0.9986130374479889,0.0,0.9972260748959778
re2ob_emailservice_mem_3,mem,SingleCenter,144,721,0.9815101142169053,0.9882011866235167,0.013888888888888888,0.9902912621359223
re2ob_emailservice_mem_3,mem,KMeans,144,721,0.9815101142169053,0.9882011866235167,0.013888888888888888,0.9902912621359223
re2ob_emailservice_mem_3,mem,MaxDeviation,144,721,0.9729978940998778,0.9743122977346279,0.041666666666666664,0.9902912621359223
re2ob_emailservice_socket_1,socket,SingleCenter,144,721,0.989727841231614,0.9965325936199723,0.0,0.9930651872399445
re2ob_emailservice_socket_1,socket,KMeans,144,721,0.989727841231614,0.9965325936199723,0.0,0.9930651872399445
re2ob_emailservice_socket_1,socket,MaxDeviation,144,721,0.989727841231614,0.9965325936199723,0.0,0.9930651872399445
re2ob_emailservice_socket_2,socket,SingleCenter,144,721,0.7353191602586275,0.6805555555555556,0.6388888888888888,1.0
re2ob_emailservice_socket_2,socket,KMeans,144,721,0.8358945171694177,0.7777777777777778,0.4444444444444444,1.0
re2ob_emailservice_socket_2,socket,MaxDeviation,144,721,0.9632489846922837,0.9465297041146556,0.10416666666666667,0.9972260748959778
re2ob_emailservice_socket_3,socket,SingleCenter,144,721,0.9738566802052409,0.9909847434119279,0.0,0.9819694868238558
re2ob_emailservice_socket_3,socket,KMeans,144,721,0.9633184439669795,0.9736236323008167,0.034722222222222224,0.9819694868238558
re2ob_emailservice_socket_3,socket,MaxDeviation,144,721,0.9738566802052409,0.9909847434119279,0.0,0.9819694868238558
re2ob_productcatalogservice_cpu_1,cpu,SingleCenter,144,721,0.9917598643473622,0.9972260748959778,0.0,0.9944521497919556
re2ob_productcatalogservice_cpu_1,cpu,KMeans,144,721,0.9917598643473622,0.9972260748959778,0.0,0.9944521497919556
re2ob_productcatalogservice_cpu_1,cpu,MaxDeviation,144,721,0.9522990695435951,0.9347260748959778,0.125,0.9944521497919556
re2ob_productcatalogservice_cpu_2,cpu,SingleCenter,144,721,0.9371646359180985,0.9347357065803668,0.1111111111111111,0.9805825242718447
re2ob_productcatalogservice_cpu_2,cpu,KMeans,144,721,0.8513649934488906,0.8166801510248112,0.3472222222222222,0.9805825242718447
re2ob_productcatalogservice_cpu_2,cpu,MaxDeviation,144,721,0.7166226221416558,0.6743190399137001,0.6319444444444444,0.9805825242718447
re2ob_productcatalogservice_cpu_3,cpu,SingleCenter,144,721,0.9696448624368332,0.9513888888888888,0.09722222222222222,1.0
re2ob_productcatalogservice_cpu_3,cpu,KMeans,144,721,0.9651012668441863,0.9444444444444444,0.1111111111111111,1.0
re2ob_productcatalogservice_cpu_3,cpu,MaxDeviation,144,721,0.9534971238105479,0.9270833333333333,0.14583333333333334,1.0
re2ob_productcatalogservice_delay_1,delay,SingleCenter,144,721,0.8910054127495453,0.8458352596702111,0.3055555555555556,0.9972260748959778
re2ob_productcatalogservice_delay_1,delay,KMeans,144,721,0.8782019510216955,0.8263888888888888,0.3472222222222222,1.0
re2ob_productcatalogservice_delay_1,delay,MaxDeviation,144,721,0.9390882049414193,0.9354291878563723,0.1111111111111111,0.9819694868238558
re2ob_productcatalogservice_delay_2,delay,SingleCenter,144,721,0.9688437239613974,0.9701465942364,0.04861111111111111,0.9889042995839112
re2ob_productcatalogservice_delay_2,delay,KMeans,144,721,0.9688437239613974,0.9701465942364,0.04861111111111111,0.9889042995839112
re2ob_productcatalogservice_delay_2,delay,MaxDeviation,144,721,0.9366300366300366,0.9027777777777778,0.19444444444444445,1.0
re2ob_productcatalogservice_delay_3,delay,SingleCenter,144,721,0.9699917433929798,0.9895977808599168,0.0,0.9791955617198336
re2ob_productcatalogservice_delay_3,delay,KMeans,144,721,0.9699917433929798,0.9895977808599168,0.0,0.9791955617198336
re2ob_productcatalogservice_delay_3,delay,MaxDeviation,144,721,0.9699917433929798,0.9895977808599168,0.0,0.9791955617198336
re2ob_productcatalogservice_disk_1,disk,SingleCenter,144,721,0.9394288418678662,0.9382079288025891,0.10416666666666667,0.9805825242718447
re2ob_productcatalogservice_disk_1,disk,KMeans,144,721,0.9394288418678662,0.9382079288025891,0.10416666666666667,0.9805825242718447
re2ob_productcatalogservice_disk_1,disk,MaxDeviation,144,721,0.9394288418678662,0.9382079288025891,0.10416666666666667,0.9805825242718447
re2ob_productcatalogservice_disk_2,disk,SingleCenter,144,721,0.9836970862075465,0.9944521497919556,0.0,0.9889042995839112
re2ob_productcatalogservice_disk_2,disk,KMeans,144,721,0.9836970862075465,0.9944521497919556,0.0,0.9889042995839112
re2ob_productcatalogservice_disk_2,disk,MaxDeviation,144,721,0.9836970862075465,0.9944521497919556,0.0,0.9889042995839112
re2ob_productcatalogservice_disk_3,disk,SingleCenter,144,721,0.8958922030350602,0.8652864462937279,0.2569444444444444,0.9875173370319001
re2ob_productcatalogservice_disk_3,disk,KMeans,144,721,0.877315143130103,0.8409808907381723,0.3055555555555556,0.9875173370319001
re2ob_productcatalogservice_disk_3,disk,MaxDeviation,144,721,0.9035951905158092,0.8757031129603945,0.2361111111111111,0.9875173370319001
re2ob_productcatalogservice_loss_1,loss,SingleCenter,144,721,0.9691835236948421,0.9757040761288334,0.034722222222222224,0.986130374479889
re2ob_productcatalogservice_loss_1,loss,KMeans,144,721,0.9797298563983353,0.9930651872399445,0.0,0.986130374479889
re2ob_productcatalogservice_loss_1,loss,MaxDeviation,144,721,0.94264052518733,0.9340374094621667,0.11805555555555555,0.986130374479889
re2ob_productcatalogservice_loss_2,loss,SingleCenter,144,721,0.9229661407245127,0.9007021497919556,0.1875,0.9889042995839112
re2ob_productcatalogservice_loss_2,loss,KMeans,144,721,0.9465823841671421,0.9354243720141778,0.11805555555555555,0.9889042995839112
re2ob_productcatalogservice_loss_2,loss,MaxDeviation,144,721,0.9131045141348445,0.8868132609030668,0.2152777777777778,0.9889042995839112
re2ob_productcatalogservice_loss_3,loss,SingleCenter,144,721,0.9979113393747541,0.9965277777777778,0.006944444444444444,1.0
re2ob_productcatalogservice_loss_3,loss,KMeans,144,721,0.985129025048567,0.9756944444444444,0.04861111111111111,1.0
re2ob_productcatalogservice_loss_3,loss,MaxDeviation,144,721,0.9979113393747541,0.9965277777777778,0.006944444444444444,1.0
re2ob_productcatalogservice_mem_1,mem,SingleCenter,144,721,0.9329498945801811,0.9041695561719834,0.1875,0.9958391123439667
re2ob_productcatalogservice_mem_1,mem,KMeans,144,721,0.9474898318460511,0.9437605948528278,0.09722222222222222,0.984743411927878
re2ob_productcatalogservice_mem_1,mem,MaxDeviation,144,721,0.9758041958041959,0.9916782246879334,0.0,0.9833564493758669
re2ob_productcatalogservice_mem_2,mem,SingleCenter,144,721,0.9097603362772863,0.8882050392972722,0.20833333333333334,0.984743411927878
re2ob_productcatalogservice_mem_2,mem,KMeans,144,721,0.8920481727229237,0.8638994837417168,0.2569444444444444,0.984743411927878
re2ob_productcatalogservice_mem_2,mem,MaxDeviation,144,721,0.9777618850629515,0.992371705963939,0.0,0.984743411927878
re2ob_productcatalogservice_mem_3,mem,SingleCenter,144,721,0.8729104087762831,0.8319511866235167,0.3263888888888889,0.9902912621359223
re2ob_productcatalogservice_mem_3,mem,KMeans,144,721,0.8811649951916471,0.8423678532901834,0.3055555555555556,0.9902912621359223
re2ob_productcatalogservice_mem_3,mem,MaxDeviation,144,721,0.8784324324324324,0.8388956310679612,0.3125,0.9902912621359223
re2ob_productcatalogservice_socket_1,socket,SingleCenter,144,721,0.9329498945801811,0.9041695561719834,0.1875,0.9958391123439667
re2ob_productcatalogservice_socket_1,socket,KMeans,144,721,0.952014241910756,0.9319473339497611,0.13194444444444445,0.9958391123439667
re2ob_productcatalogservice_socket_1,socket,MaxDeviation,144,721,0.9543318726571988,0.9354195561719834,0.125,0.9958391123439667
re2ob_productcatalogservice_socket_2,socket,SingleCenter,144,721,0.9446059113300493,0.9347308907381723,0.11805555555555555,0.9875173370319001
re2ob_productcatalogservice_socket_2,socket,KMeans,144,721,0.951690645298367,0.9479262983510557,0.09027777777777778,0.986130374479889
re2ob_productcatalogservice_socket_2,socket,MaxDeviation,144,721,0.9716217989576694,0.984733780243489,0.013888888888888888,0.9833564493758669
re2ob_productcatalogservice_socket_3,socket,SingleCenter,144,721,0.9856965688300952,0.9951456310679612,0.0,0.9902912621359223
re2ob_productcatalogservice_socket_3,socket,KMeans,144,721,0.983609042502795,0.991673408845739,0.006944444444444444,0.9902912621359223
re2ob_productcatalogservice_socket_3,socket,MaxDeviation,144,721,0.9856965688300952,0.9951456310679612,0.0,0.9902912621359223
re2ob_recommendationservice_cpu_1,cpu,SingleCenter,144,721,0.9758041958041959,0.9916782246879334,0.0,0.9833564493758669
re2ob_recommendationservice_cpu_1,cpu,KMeans,144,721,0.9758041958041959,0.9916782246879334,0.0,0.9833564493758669
re2ob_recommendationservice_cpu_1,cpu,MaxDeviation,144,721,0.9758041958041959,0.9916782246879334,0.0,0.9833564493758669
re2ob_recommendationservice_cpu_2,cpu,SingleCenter,144,721,0.8102530354771391,0.756949260286639,0.4791666666666667,0.9930651872399445
re2ob_recommendationservice_cpu_2,cpu,KMeans,144,721,0.8690810810810812,0.8305642240715057,0.3263888888888889,0.9875173370319001
re2ob_recommendationservice_cpu_2,cpu,MaxDeviation,144,721,0.8288555910703388,0.7868171135768223,0.4097222222222222,0.9833564493758669
re2ob_recommendationservice_cpu_3,cpu,SingleCenter,144,721,0.9426006084488638,0.9180584450608722,0.1597222222222222,0.9958391123439667
re2ob_recommendationservice_cpu_3,cpu,KMeans,144,721,0.9426006084488638,0.9180584450608722,0.1597222222222222,0.9958391123439667
re2ob_recommendationservice_cpu_3,cpu,MaxDeviation,144,721,0.9938029702757499,0.9979195561719834,0.0,0.9958391123439667
re2ob_recommendationservice_delay_1,delay,SingleCenter,144,721,0.9316702477249748,0.8958333333333333,0.20833333333333334,1.0
re2ob_recommendationservice_delay_1,delay,KMeans,144,721,0.8636041754467447,0.8090277777777778,0.3819444444444444,1.0
re2ob_recommendationservice_delay_1,delay,MaxDeviation,144,721,0.8616384499465412,0.8131982971182,0.3680555555555556,0.9944521497919556
re2ob_recommendationservice_delay_2,delay,SingleCenter,144,721,0.9461446360153256,0.9486245954692556,0.08333333333333333,0.9805825242718447
re2ob_recommendationservice_delay_2,delay,KMeans,144,721,0.9592427155188661,0.9694579288025891,0.041666666666666664,0.9805825242718447
re2ob_recommendationservice_delay_2,delay,MaxDeviation,144,721,0.9719192312686664,0.9902912621359223,0.0,0.9805825242718447
re2ob_recommendationservice_delay_3,delay,SingleCenter,144,721,0.9387425183332886,0.9326504469101556,0.11805555555555555,0.9833564493758669
re2ob_recommendationservice_delay_3,delay,KMeans,144,721,0.8796684418710251,0.8493171135768223,0.2847222222222222,0.9833564493758669
re2ob_recommendationservice_delay_3,delay,MaxDeviation,144,721,0.9171155087549423,0.898621705963939,0.1875,0.984743411927878
re2ob_recommendationservice_disk_1,disk,SingleCenter,144,721,0.9122272957889397,0.8916772615194946,0.2013888888888889,0.984743411927878
re2ob_recommendationservice_disk_1,disk,KMeans,144,721,0.9429671722413376,0.9368161504083834,0.1111111111111111,0.984743411927878
re2ob_recommendationservice_disk_1,disk,MaxDeviation,144,721,0.9777618850629515,0.992371705963939,0.0,0.984743411927878
re2ob_recommendationservice_disk_2,disk,SingleCenter,144,721,0.8875501799197121,0.859733780243489,0.2638888888888889,0.9833564493758669
re2ob_recommendationservice_disk_2,disk,KMeans,144,721,0.8991371268656716,0.8638946678995223,0.2638888888888889,0.9916782246879334
re2ob_recommendationservice_disk_2,disk,MaxDeviation,144,721,0.9204807183444684,0.9076514100785946,0.16666666666666666,0.9819694868238558
re2ob_recommendationservice_disk_3,disk,SingleCenter,144,721,0.9877067818770962,0.9958391123439667,0.0,0.9916782246879334
re2ob_recommendationservice_disk_3,disk,KMeans,144,721,0.9877067818770962,0.9958391123439667,0.0,0.9916782246879334
re2ob_recommendationservice_disk_3,disk,MaxDeviation,144,721,0.9877067818770962,0.9958391123439667,0.0,0.9916782246879334
re2ob_recommendationservice_loss_1,loss,SingleCenter,144,721,0.9661662352602819,0.9882108183079057,0.0,0.9764216366158114
re2ob_recommendationservice_loss_1,loss,KMeans,144,721,0.9642680105750165,0.9875173370319001,0.0,0.9750346740638003
re2ob_recommendationservice_loss_1,loss,MaxDeviation,144,721,0.9785708623184097,0.9652777777777778,0.06944444444444445,1.0
re2ob_recommendationservice_loss_2,loss,SingleCenter,144,721,0.9605001187279668,0.986130374479889,0.0,0.9722607489597781
re2ob_recommendationservice_loss_2,loss,KMeans,144,721,0.9605001187279668,0.986130374479889,0.0,0.9722607489597781
re2ob_recommendationservice_loss_2,loss,MaxDeviation,144,721,0.9605001187279668,0.986130374479889,0.0,0.9722607489597781
re2ob_recommendationservice_loss_3,loss,SingleCenter,144,721,0.6507033952874153,0.6145833333333334,0.7708333333333334,1.0
re2ob_recommendationservice_loss_3,loss,KMeans,144,721,0.7205437824870051,0.6743142240715057,0.6388888888888888,0.9875173370319001
re2ob_recommendationservice_loss_3,loss,MaxDeviation,144,721,0.48277923941640755,0.5138888888888888,0.9722222222222222,1.0
re2ob_recommendationservice_mem_1,mem,SingleCenter,144,721,0.8568607550250424,0.8138965942364,0.3611111111111111,0.9889042995839112
re2ob_recommendationservice_mem_1,mem,KMeans,144,721,0.8568607550250424,0.8138965942364,0.3611111111111111,0.9889042995839112
re2ob_recommendationservice_mem_1,mem,MaxDeviation,144,721,0.9253932014205988,0.9041743720141778,0.18055555555555555,0.9889042995839112
re2ob_recommendationservice_mem_2,mem,SingleCenter,144,721,0.9979229149307598,0.9993065187239945,0.0,0.9986130374479889
re2ob_recommendationservice_mem_2,mem,KMeans,144,721,0.9979229149307598,0.9993065187239945,0.0,0.9986130374479889
re2ob_recommendationservice_mem_2,mem,MaxDeviation,144,721,0.9979229149307598,0.9993065187239945,0.0,0.9986130374479889
re2ob_recommendationservice_mem_3,mem,SingleCenter,144,721,0.9812020543727862,0.9798649637848666,0.034722222222222224,0.9944521497919556
re2ob_recommendationservice_mem_3,mem,KMeans,144,721,0.9854604045153188,0.9868094082293111,0.020833333333333332,0.9944521497919556
re2ob_recommendationservice_mem_3,mem,MaxDeviation,144,721,0.9917598643473622,0.9972260748959778,0.0,0.9944521497919556
re2ob_recommendationservice_socket_1,socket,SingleCenter,144,721,0.9563765835552328,0.9361130374479889,0.125,0.9972260748959778
re2ob_recommendationservice_socket_1,socket,KMeans,144,721,0.9514164800574357,0.9451475574048389,0.09722222222222222,0.9875173370319001
re2ob_recommendationservice_socket_1,socket,MaxDeviation,144,721,0.9210045662100457,0.9000086685159501,0.1875,0.9875173370319001
re2ob_recommendationservice_socket_2,socket,SingleCenter,144,721,0.6875823628749647,0.6479282246879334,0.6875,0.9833564493758669
re2ob_recommendationservice_socket_2,socket,KMeans,144,721,0.6393369788106631,0.609733780243489,0.7638888888888888,0.9833564493758669
re2ob_recommendationservice_socket_2,socket,MaxDeviation,144,721,0.6252698923203288,0.5993171135768223,0.7847222222222222,0.9833564493758669
re2ob_recommendationservice_socket_3,socket,SingleCenter,144,721,0.9474898318460511,0.9437605948528278,0.09722222222222222,0.984743411927878
re2ob_recommendationservice_socket_3,socket,KMeans,144,721,0.9563812135459564,0.9576494837417168,0.06944444444444445,0.984743411927878
re2ob_recommendationservice_socket_3,socket,MaxDeviation,144,721,0.9406861016417851,0.9333439281861612,0.11805555555555555,0.984743411927878
