repeat,fold,model,feature,f1_decrease
0,0,LogisticRegression,root_cpu,-0.002285259601240227
0,0,LogisticRegression,root_errors,0.021040756798745213
0,0,LogisticRegression,root_latency,-0.011736836615724
0,0,LogisticRegression,n_nodes,0.010641068860764361
0,0,LogisticRegression,n_requires,0.04916615323552942
0,0,LogisticRegression,n_replicas,0.03780424561440545
0,0,LogisticRegression,mean_cpu,0.006663020748840731
0,0,LogisticRegression,max_cpu,-0.027612211838891548
0,0,LogisticRegression,mean_errors,-0.005967043803622563
0,0,LogisticRegression,max_errors,0.010146774993465613
0,0,LogisticRegression,alarm_fraction,-0.0023842577261752687
0,0,LogisticRegression,root_down,-0.01527970895022109
0,0,LogisticRegression,down_fraction,-0.013684750628035721
0,0,LogisticRegression,reachable_fraction,-0.014412452320226884
0,0,LogisticRegression,exposed_fraction,0.019646536268832577
0,0,LogisticRegression,reachable_down_fraction,-0.007730440808492019
0,0,LogisticRegression,degraded_fraction,-0.00640817698326986
0,0,RandomForest,root_cpu,0.027556219895430556
0,0,RandomForest,root_errors,0.027556219895430556
0,0,RandomForest,root_latency,0.027556219895430556
0,0,RandomForest,n_nodes,0.027556219895430556
0,0,RandomForest,n_requires,0.0014650295484687215
0,0,RandomForest,n_replicas,0.0
0,0,RandomForest,mean_cpu,0.0014650295484687215
0,0,RandomForest,max_cpu,0.018370813263620372
0,0,RandomForest,mean_errors,0.009917921406044547
0,0,RandomForest,max_errors,0.027556219895430556
0,0,RandomForest,alarm_fraction,0.009185406631810186
0,0,RandomForest,root_down,0.0
0,0,RandomForest,down_fraction,0.0
0,0,RandomForest,reachable_fraction,0.0014650295484687215
0,0,RandomForest,exposed_fraction,0.018878146769447084
0,0,RandomForest,reachable_down_fraction,0.0
0,0,RandomForest,degraded_fraction,0.0
0,0,GradientBoosting,root_cpu,-0.001014667011653425
0,0,GradientBoosting,root_errors,-0.001014667011653425
0,0,GradientBoosting,root_latency,-0.0015220005174801376
0,0,GradientBoosting,n_nodes,0.001530432653311098
0,0,GradientBoosting,n_requires,-0.007725992471405004
0,0,GradientBoosting,n_replicas,2.8107119436534176e-06
0,0,GradientBoosting,mean_cpu,-0.017920450726805075
0,0,GradientBoosting,max_cpu,-0.001014667011653425
0,0,GradientBoosting,mean_errors,-0.018652965501039436
0,0,GradientBoosting,max_errors,0.001020288435540732
0,0,GradientBoosting,alarm_fraction,0.0
0,0,GradientBoosting,root_down,0.0
0,0,GradientBoosting,down_fraction,0.0
0,0,GradientBoosting,reachable_fraction,0.0
0,0,GradientBoosting,exposed_fraction,0.0
0,0,GradientBoosting,reachable_down_fraction,0.0
0,0,GradientBoosting,degraded_fraction,0.0
0,1,LogisticRegression,root_cpu,-0.005181192288961818
0,1,LogisticRegression,root_errors,-0.007169263102672814
0,1,LogisticRegression,root_latency,0.0027714814869759983
0,1,LogisticRegression,n_nodes,0.044685241586699564
0,1,LogisticRegression,n_requires,0.002795676703951755
0,1,LogisticRegression,n_replicas,0.011874127934480653
0,1,LogisticRegression,mean_cpu,-0.0052488432156995906
0,1,LogisticRegression,max_cpu,-0.0003737140744070426
0,1,LogisticRegression,mean_errors,0.0018836633005467525
0,1,LogisticRegression,max_errors,0.005024884840136264
0,1,LogisticRegression,alarm_fraction,0.0018450607907710692
0,1,LogisticRegression,root_down,0.00808803955095668
0,1,LogisticRegression,down_fraction,0.0036827749371156626
0,1,LogisticRegression,reachable_fraction,0.013935911149142536
0,1,LogisticRegression,exposed_fraction,0.010776542815579751
0,1,LogisticRegression,reachable_down_fraction,0.01077261994597667
0,1,LogisticRegression,degraded_fraction,-0.015681454224430458
0,1,RandomForest,root_cpu,0.022406704339684724
0,1,RandomForest,root_errors,0.034690172974258936
0,1,RandomForest,root_latency,0.033610056509527086
0,1,RandomForest,n_nodes,0.022406704339684724
0,1,RandomForest,n_requires,0.033610056509527086
0,1,RandomForest,n_replicas,-0.010533991682886082
0,1,RandomForest,mean_cpu,0.022406704339684724
0,1,RandomForest,max_cpu,0.0
0,1,RandomForest,mean_errors,0.033610056509527086
0,1,RandomForest,max_errors,0.011203352169842362
0,1,RandomForest,alarm_fraction,0.0
0,1,RandomForest,root_down,0.011203352169842362
0,1,RandomForest,down_fraction,0.0
0,1,RandomForest,reachable_fraction,0.0
0,1,RandomForest,exposed_fraction,0.011203352169842362
0,1,RandomForest,reachable_down_fraction,0.011203352169842362
0,1,RandomForest,degraded_fraction,-0.021067983365772164
0,1,GradientBoosting,root_cpu,0.0
0,1,GradientBoosting,root_errors,0.033610056509527086
0,1,GradientBoosting,root_latency,0.0
0,1,GradientBoosting,n_nodes,0.0
0,1,GradientBoosting,n_requires,-0.010533991682886082
0,1,GradientBoosting,n_replicas,0.0008747384758440538
0,1,GradientBoosting,mean_cpu,0.033610056509527086
0,1,GradientBoosting,max_cpu,0.011203352169842362
0,1,GradientBoosting,mean_errors,0.011203352169842362
0,1,GradientBoosting,max_errors,0.0
0,1,GradientBoosting,alarm_fraction,0.0
0,1,GradientBoosting,root_down,0.0
0,1,GradientBoosting,down_fraction,0.0
0,1,GradientBoosting,reachable_fraction,0.0
0,1,GradientBoosting,exposed_fraction,0.0
0,1,GradientBoosting,reachable_down_fraction,0.0
0,1,GradientBoosting,degraded_fraction,0.0026242154275321616
0,2,LogisticRegression,root_cpu,0.031143313288127732
0,2,LogisticRegression,root_errors,0.039663700639611076
0,2,LogisticRegression,root_latency,-0.0026527542735084175
0,2,LogisticRegression,n_nodes,0.09678341965655364
0,2,LogisticRegression,n_requires,0.03241348224307291
0,2,LogisticRegression,n_replicas,0.03781872018879212
0,2,LogisticRegression,mean_cpu,0.017975120549750773
0,2,LogisticRegression,max_cpu,0.00859979407726097
0,2,LogisticRegression,mean_errors,0.019354065082159606
0,2,LogisticRegression,max_errors,0.0
0,2,LogisticRegression,alarm_fraction,0.013599862699345397
0,2,LogisticRegression,root_down,0.008111107957489039
0,2,LogisticRegression,down_fraction,0.006344367720553394
0,2,LogisticRegression,reachable_fraction,0.026868680745243994
0,2,LogisticRegression,exposed_fraction,0.001807521435213788
0,2,LogisticRegression,reachable_down_fraction,-0.0015365367280564997
0,2,LogisticRegression,degraded_fraction,0.005055435287348864
0,2,RandomForest,root_cpu,0.017570583429595648
0,2,RandomForest,root_errors,0.015368944240418089
0,2,RandomForest,root_latency,0.016463307415097255
0,2,RandomForest,n_nodes,-0.0007197704917626576
0,2,RandomForest,n_requires,-0.03449513120989537
0,2,RandomForest,n_replicas,-0.003572702778890028
0,2,RandomForest,mean_cpu,-0.007229583426921149
0,2,RandomForest,max_cpu,0.011771282438645558
0,2,RandomForest,mean_errors,-0.002863635221306874
0,2,RandomForest,max_errors,-0.002863635221306874
0,2,RandomForest,alarm_fraction,-0.004289376204001605
0,2,RandomForest,root_down,0.019772165816936527
0,2,RandomForest,down_fraction,-0.01037192603414668
0,2,RandomForest,reachable_fraction,-0.014452972720540136
0,2,RandomForest,exposed_fraction,-0.011963394355422319
0,2,RandomForest,reachable_down_fraction,-0.002139355928666875
0,2,RandomForest,degraded_fraction,-0.0007131186428889583
0,2,GradientBoosting,root_cpu,0.0005487536274636865
0,2,GradientBoosting,root_errors,0.0
0,2,GradientBoosting,root_latency,-0.0005392376686059556
0,2,GradientBoosting,n_nodes,-0.01673117032945178
0,2,GradientBoosting,n_requires,-0.014906313906413041
0,2,GradientBoosting,n_replicas,0.0005455816411777762
0,2,GradientBoosting,mean_cpu,0.0
0,2,GradientBoosting,max_cpu,-0.0070895102751885415
0,2,GradientBoosting,mean_errors,-0.00836558516472589
0,2,GradientBoosting,max_errors,-0.014724602191554859
0,2,GradientBoosting,alarm_fraction,0.0
0,2,GradientBoosting,root_down,0.0016367449235333287
0,2,GradientBoosting,down_fraction,0.0
0,2,GradientBoosting,reachable_fraction,0.0
0,2,GradientBoosting,exposed_fraction,0.0
0,2,GradientBoosting,reachable_down_fraction,0.0
0,2,GradientBoosting,degraded_fraction,0.0
0,3,LogisticRegression,root_cpu,0.019453159901632655
0,3,LogisticRegression,root_errors,0.02219601825515416
0,3,LogisticRegression,root_latency,0.002884640432292196
0,3,LogisticRegression,n_nodes,0.10842379730181385
0,3,LogisticRegression,n_requires,0.03888602942685071
0,3,LogisticRegression,n_replicas,0.03166403973392976
0,3,LogisticRegression,mean_cpu,0.02271984032224683
0,3,LogisticRegression,max_cpu,0.000909092822573232
0,3,LogisticRegression,mean_errors,0.019621130422155002
0,3,LogisticRegression,max_errors,0.004727036412140599
0,3,LogisticRegression,alarm_fraction,0.012455902859381177
0,3,LogisticRegression,root_down,0.0038499543593433585
0,3,LogisticRegression,down_fraction,0.0013234204853905807
0,3,LogisticRegression,reachable_fraction,0.0008828458894001671
0,3,LogisticRegression,exposed_fraction,0.007552716332875242
0,3,LogisticRegression,reachable_down_fraction,0.015153035837657888
0,3,LogisticRegression,degraded_fraction,0.015412449995022856
0,3,RandomForest,root_cpu,0.02088269852559521
0,3,RandomForest,root_errors,0.02088269852559521
0,3,RandomForest,root_latency,-0.002139355928666875
0,3,RandomForest,n_nodes,0.0
0,3,RandomForest,n_requires,0.02255835438777254
0,3,RandomForest,n_replicas,0.015038902925181693
0,3,RandomForest,mean_cpu,0.005534662222753821
0,3,RandomForest,max_cpu,-0.00879443690793095
0,3,RandomForest,mean_errors,0.0
0,3,RandomForest,max_errors,0.0
0,3,RandomForest,alarm_fraction,0.0
0,3,RandomForest,root_down,0.013208680374174516
0,3,RandomForest,down_fraction,0.014325784282292734
0,3,RandomForest,reachable_fraction,0.014325784282292734
0,3,RandomForest,exposed_fraction,0.02255835438777254
0,3,RandomForest,reachable_down_fraction,0.0
0,3,RandomForest,degraded_fraction,0.0014200431524757546
0,3,GradientBoosting,root_cpu,0.034741900044101416
0,3,GradientBoosting,root_errors,0.033062929333532054
0,3,GradientBoosting,root_latency,0.021271195045182212
0,3,GradientBoosting,n_nodes,0.0
0,3,GradientBoosting,n_requires,0.015595491928114491
0,3,GradientBoosting,n_replicas,0.0
0,3,GradientBoosting,mean_cpu,0.0
0,3,GradientBoosting,max_cpu,-0.002538328764341624
0,3,GradientBoosting,mean_errors,0.026812051401238195
0,3,GradientBoosting,max_errors,-0.01269446783962469
0,3,GradientBoosting,alarm_fraction,0.0
0,3,GradientBoosting,root_down,0.0016762819168242664
0,3,GradientBoosting,down_fraction,0.0
0,3,GradientBoosting,reachable_fraction,0.014180796696788142
0,3,GradientBoosting,exposed_fraction,0.021271195045182212
0,3,GradientBoosting,reachable_down_fraction,0.0
0,3,GradientBoosting,degraded_fraction,0.0
0,4,LogisticRegression,root_cpu,0.019335950697772275
0,4,LogisticRegression,root_errors,0.08527233892895869
0,4,LogisticRegression,root_latency,0.005751116892722563
0,4,LogisticRegression,n_nodes,0.006470345001961715
0,4,LogisticRegression,n_requires,-0.019811652532671437
0,4,LogisticRegression,n_replicas,0.024879489971040798
0,4,LogisticRegression,mean_cpu,-0.009171809759218755
0,4,LogisticRegression,max_cpu,0.03728932228957286
0,4,LogisticRegression,mean_errors,0.064339328459173
0,4,LogisticRegression,max_errors,0.004430870172127732
0,4,LogisticRegression,alarm_fraction,-0.014797404112771565
0,4,LogisticRegression,root_down,0.0013968491535178984
0,4,LogisticRegression,down_fraction,0.004185653020334172
0,4,LogisticRegression,reachable_fraction,0.020675302747077223
0,4,LogisticRegression,exposed_fraction,0.026136334361932412
0,4,LogisticRegression,reachable_down_fraction,0.00705442712693131
0,4,LogisticRegression,degraded_fraction,-0.0021239831899028117
0,4,RandomForest,root_cpu,0.0
0,4,RandomForest,root_errors,0.006835380329356229
0,4,RandomForest,root_latency,0.013670760658712458
0,4,RandomForest,n_nodes,0.0
0,4,RandomForest,n_requires,0.006835380329356229
0,4,RandomForest,n_replicas,0.0
0,4,RandomForest,mean_cpu,-0.006596052585631377
0,4,RandomForest,max_cpu,-0.005783298955989724
0,4,RandomForest,mean_errors,0.0
0,4,RandomForest,max_errors,0.0
0,4,RandomForest,alarm_fraction,0.0
0,4,RandomForest,root_down,0.0
0,4,RandomForest,down_fraction,0.0
0,4,RandomForest,reachable_fraction,-0.006596052585631377
0,4,RandomForest,exposed_fraction,0.02050614098806869
0,4,RandomForest,reachable_down_fraction,0.0
0,4,RandomForest,degraded_fraction,0.0
0,4,GradientBoosting,root_cpu,0.01840522618040713
0,4,GradientBoosting,root_errors,0.012849042932095286
0,4,GradientBoosting,root_latency,0.0
0,4,GradientBoosting,n_nodes,0.0
0,4,GradientBoosting,n_requires,0.0006993366243969364
0,4,GradientBoosting,n_replicas,0.0006993366243969364
0,4,GradientBoosting,mean_cpu,0.0
0,4,GradientBoosting,max_cpu,-0.000700304935887186
0,4,GradientBoosting,mean_errors,-0.000700304935887186
0,4,GradientBoosting,max_errors,-0.000700304935887186
0,4,GradientBoosting,alarm_fraction,0.0
0,4,GradientBoosting,root_down,0.0
0,4,GradientBoosting,down_fraction,0.0
0,4,GradientBoosting,reachable_fraction,0.0013986732487938729
0,4,GradientBoosting,exposed_fraction,-0.004976459367473485
0,4,GradientBoosting,reachable_down_fraction,0.0
0,4,GradientBoosting,degraded_fraction,0.0
1,0,LogisticRegression,root_cpu,0.007696036314762493
1,0,LogisticRegression,root_errors,-0.00499907874000638
1,0,LogisticRegression,root_latency,0.0
1,0,LogisticRegression,n_nodes,0.06461916416813086
1,0,LogisticRegression,n_requires,0.0309384901842323
1,0,LogisticRegression,n_replicas,0.024099423296145745
1,0,LogisticRegression,mean_cpu,-0.007417128024537682
1,0,LogisticRegression,max_cpu,0.015653106356293023
1,0,LogisticRegression,mean_errors,0.028622296182751767
1,0,LogisticRegression,max_errors,-0.001135726469057537
1,0,LogisticRegression,alarm_fraction,-0.009025168052867424
1,0,LogisticRegression,root_down,0.0
1,0,LogisticRegression,down_fraction,-0.001277212611197324
1,0,LogisticRegression,reachable_fraction,-0.010313077461881296
1,0,LogisticRegression,exposed_fraction,-0.0025306231851435954
1,0,LogisticRegression,reachable_down_fraction,-0.0065669561911119905
1,0,LogisticRegression,degraded_fraction,-0.003783476012768442
1,0,RandomForest,root_cpu,2.9552360059081906e-06
1,0,RandomForest,root_errors,-0.0015736631731343986
1,0,RandomForest,root_latency,-0.001049108782089599
1,0,RandomForest,n_nodes,0.0
1,0,RandomForest,n_requires,0.0015855091615309218
1,0,RandomForest,n_replicas,0.0005275096270507077
1,0,RandomForest,mean_cpu,-0.001049108782089599
1,0,RandomForest,max_cpu,-0.001049108782089599
1,0,RandomForest,mean_errors,-0.001049108782089599
1,0,RandomForest,max_errors,0.0015855091615309218
1,0,RandomForest,alarm_fraction,-0.016855506471324295
1,0,RandomForest,root_down,-0.0015736631731343986
1,0,RandomForest,down_fraction,0.0
1,0,RandomForest,reachable_fraction,0.0026435086960111356
1,0,RandomForest,exposed_fraction,-0.0005245543910447995
1,0,RandomForest,reachable_down_fraction,0.0
1,0,RandomForest,degraded_fraction,-0.013890862244828106
1,0,GradientBoosting,root_cpu,0.01491251699975186
1,0,GradientBoosting,root_errors,0.012790532041871952
1,0,GradientBoosting,root_latency,-0.004051927256892666
1,0,GradientBoosting,n_nodes,0.0
1,0,GradientBoosting,n_requires,-0.008046025797064574
1,0,GradientBoosting,n_replicas,0.0
1,0,GradientBoosting,mean_cpu,-0.001347534238146116
1,0,GradientBoosting,max_cpu,0.005595505085845609
1,0,GradientBoosting,mean_errors,-0.0013119650423572364
1,0,GradientBoosting,max_errors,0.0
1,0,GradientBoosting,alarm_fraction,0.0
1,0,GradientBoosting,root_down,0.0
1,0,GradientBoosting,down_fraction,-0.002021301357219174
1,0,GradientBoosting,reachable_fraction,0.0069433738143525785
1,0,GradientBoosting,exposed_fraction,0.003839486884521459
1,0,GradientBoosting,reachable_down_fraction,0.0
1,0,GradientBoosting,degraded_fraction,0.0020155813003531753
1,1,LogisticRegression,root_cpu,0.008619927678182723
1,1,LogisticRegression,root_errors,0.012047782534119533
1,1,LogisticRegression,root_latency,-0.014223894141045301
1,1,LogisticRegression,n_nodes,0.060903666796177834
1,1,LogisticRegression,n_requires,-0.009762171838792836
1,1,LogisticRegression,n_replicas,0.028519582521517872
1,1,LogisticRegression,mean_cpu,-0.017497025969286817
1,1,LogisticRegression,max_cpu,-0.01723105792694457
1,1,LogisticRegression,mean_errors,-0.011298672425711883
1,1,LogisticRegression,max_errors,-0.02906889110430111
1,1,LogisticRegression,alarm_fraction,-0.017605394913875878
1,1,LogisticRegression,root_down,0.0019459205243619326
1,1,LogisticRegression,down_fraction,-0.01599568073276277
1,1,LogisticRegression,reachable_fraction,-0.02366210459485596
1,1,LogisticRegression,exposed_fraction,-0.011000882025981188
1,1,LogisticRegression,reachable_down_fraction,-0.011488638479241642
1,1,LogisticRegression,degraded_fraction,-0.014057163994785996
1,1,RandomForest,root_cpu,0.027606789123864994
1,1,RandomForest,root_errors,0.009960539991679155
1,1,RandomForest,root_latency,0.01840452608257666
1,1,RandomForest,n_nodes,0.0
1,1,RandomForest,n_requires,0.019162803032967485
1,1,RandomForest,n_replicas,0.00920226304128833
1,1,RandomForest,mean_cpu,0.01840452608257666
1,1,RandomForest,max_cpu,0.027606789123864994
1,1,RandomForest,mean_errors,0.00920226304128833
1,1,RandomForest,max_errors,0.018937584002651293
1,1,RandomForest,alarm_fraction,0.00920226304128833
1,1,RandomForest,root_down,0.00920226304128833
1,1,RandomForest,down_fraction,0.00920226304128833
1,1,RandomForest,reachable_fraction,0.027606789123864994
1,1,RandomForest,exposed_fraction,0.00920226304128833
1,1,RandomForest,reachable_down_fraction,0.0
1,1,RandomForest,degraded_fraction,0.021515198775620192
1,1,GradientBoosting,root_cpu,-0.0015991737602238931
1,1,GradientBoosting,root_errors,-0.001066115840149262
1,1,GradientBoosting,root_latency,-0.0015991737602238931
1,1,GradientBoosting,n_nodes,0.0
1,1,GradientBoosting,n_requires,-0.016667808119440835
1,1,GradientBoosting,n_replicas,-0.000533057920074631
1,1,GradientBoosting,mean_cpu,0.0
1,1,GradientBoosting,max_cpu,-0.0015991737602238931
1,1,GradientBoosting,mean_errors,-0.001066115840149262
1,1,GradientBoosting,max_errors,-0.0015991737602238931
1,1,GradientBoosting,alarm_fraction,0.0
1,1,GradientBoosting,root_down,0.0
1,1,GradientBoosting,down_fraction,0.0
1,1,GradientBoosting,reachable_fraction,0.0
1,1,GradientBoosting,exposed_fraction,0.0
1,1,GradientBoosting,reachable_down_fraction,0.0
1,1,GradientBoosting,degraded_fraction,0.0
1,2,LogisticRegression,root_cpu,-0.03388345097882776
1,2,LogisticRegression,root_errors,-0.02795199981878967
1,2,LogisticRegression,root_latency,-0.013029416976785427
1,2,LogisticRegression,n_nodes,0.049884861088736875
1,2,LogisticRegression,n_requires,0.021427936668548735
1,2,LogisticRegression,n_replicas,0.05156607943611732
1,2,LogisticRegression,mean_cpu,0.0003652017466506674
1,2,LogisticRegression,max_cpu,-0.0002606282269524233
1,2,LogisticRegression,mean_errors,-0.026750883817425113
1,2,LogisticRegression,max_errors,-0.011484197959985676
1,2,LogisticRegression,alarm_fraction,0.00898911816506176
1,2,LogisticRegression,root_down,-0.021427814587054634
1,2,LogisticRegression,down_fraction,-0.046945486983080986
1,2,LogisticRegression,reachable_fraction,-0.033432921324740995
1,2,LogisticRegression,exposed_fraction,-0.0013993231402952648
1,2,LogisticRegression,reachable_down_fraction,-0.01268520124435272
1,2,LogisticRegression,degraded_fraction,-0.021819415466936404
1,2,RandomForest,root_cpu,0.0
1,2,RandomForest,root_errors,0.0
1,2,RandomForest,root_latency,0.0
1,2,RandomForest,n_nodes,0.0
1,2,RandomForest,n_requires,0.0
1,2,RandomForest,n_replicas,0.0
1,2,RandomForest,mean_cpu,0.0
1,2,RandomForest,max_cpu,-0.009690156513592932
1,2,RandomForest,mean_errors,0.0
1,2,RandomForest,max_errors,0.0
1,2,RandomForest,alarm_fraction,0.0
1,2,RandomForest,root_down,0.0
1,2,RandomForest,down_fraction,0.0
1,2,RandomForest,reachable_fraction,0.0
1,2,RandomForest,exposed_fraction,0.0
1,2,RandomForest,reachable_down_fraction,0.0
1,2,RandomForest,degraded_fraction,0.0
1,2,GradientBoosting,root_cpu,0.026931132032916416
1,2,GradientBoosting,root_errors,0.026398074112841785
1,2,GradientBoosting,root_latency,0.026931132032916416
1,2,GradientBoosting,n_nodes,0.0
1,2,GradientBoosting,n_requires,0.017954088021944276
1,2,GradientBoosting,n_replicas,0.0
1,2,GradientBoosting,mean_cpu,0.026931132032916416
1,2,GradientBoosting,max_cpu,0.0
1,2,GradientBoosting,mean_errors,0.016887972181795014
1,2,GradientBoosting,max_errors,0.0
1,2,GradientBoosting,alarm_fraction,0.0
1,2,GradientBoosting,root_down,0.0
1,2,GradientBoosting,down_fraction,0.0
1,2,GradientBoosting,reachable_fraction,0.0
1,2,GradientBoosting,exposed_fraction,0.0
1,2,GradientBoosting,reachable_down_fraction,0.0
1,2,GradientBoosting,degraded_fraction,0.0
1,3,LogisticRegression,root_cpu,0.025318503927121355
1,3,LogisticRegression,root_errors,0.023879754916052764
1,3,LogisticRegression,root_latency,-0.005665289930895249
1,3,LogisticRegression,n_nodes,0.06784959438346146
1,3,LogisticRegression,n_requires,0.004233737963261615
1,3,LogisticRegression,n_replicas,0.023249334270921573
1,3,LogisticRegression,mean_cpu,0.02032351718379566
1,3,LogisticRegression,max_cpu,-0.01204852531193005
1,3,LogisticRegression,mean_errors,-0.015019860230105745
1,3,LogisticRegression,max_errors,-0.01108001872254775
1,3,LogisticRegression,alarm_fraction,-0.00023255160328272684
1,3,LogisticRegression,root_down,-0.029143238370915852
1,3,LogisticRegression,down_fraction,0.011270789711634052
1,3,LogisticRegression,reachable_fraction,0.0028756088699177784
1,3,LogisticRegression,exposed_fraction,-0.0069806839455896314
1,3,LogisticRegression,reachable_down_fraction,-0.03185275319064699
1,3,LogisticRegression,degraded_fraction,-0.00852275306537753
1,3,RandomForest,root_cpu,-0.004939118504544648
1,3,RandomForest,root_errors,-0.004935946518258738
1,3,RandomForest,root_latency,-0.004393536863366872
1,3,RandomForest,n_nodes,-0.00783542522220293
1,3,RandomForest,n_requires,0.0
1,3,RandomForest,n_replicas,-0.008552893038460019
1,3,RandomForest,mean_cpu,-0.00783542522220293
1,3,RandomForest,max_cpu,-0.0005520096601690505
1,3,RandomForest,mean_errors,-0.0005520096601690505
1,3,RandomForest,max_errors,-0.00110079119367044
1,3,RandomForest,alarm_fraction,0.0
1,3,RandomForest,root_down,0.0
1,3,RandomForest,down_fraction,0.0
1,3,RandomForest,reachable_fraction,-0.01567085044440586
1,3,RandomForest,exposed_fraction,0.0
1,3,RandomForest,reachable_down_fraction,0.0
1,3,RandomForest,degraded_fraction,-0.01567085044440586
1,3,GradientBoosting,root_cpu,0.030156150588462622
1,3,GradientBoosting,root_errors,0.029971790673814874
1,3,GradientBoosting,root_latency,-0.004342701242308437
1,3,GradientBoosting,n_nodes,0.0
1,3,GradientBoosting,n_requires,0.0
1,3,GradientBoosting,n_replicas,-0.007081676031736002
1,3,GradientBoosting,mean_cpu,0.022104598866459102
1,3,GradientBoosting,max_cpu,-9.5385785548463e-06
1,3,GradientBoosting,mean_errors,0.011717957400338763
1,3,GradientBoosting,max_errors,0.0
1,3,GradientBoosting,alarm_fraction,0.0
1,3,GradientBoosting,root_down,0.0
1,3,GradientBoosting,down_fraction,0.0
1,3,GradientBoosting,reachable_fraction,0.0008548319047719244
1,3,GradientBoosting,exposed_fraction,0.0
1,3,GradientBoosting,reachable_down_fraction,0.002564495714315773
1,3,GradientBoosting,degraded_fraction,-0.002593111449980312
1,4,LogisticRegression,root_cpu,-0.011050546110834688
1,4,LogisticRegression,root_errors,0.004992396779283259
1,4,LogisticRegression,root_latency,-0.0029550553360312057
1,4,LogisticRegression,n_nodes,0.03742999245808132
1,4,LogisticRegression,n_requires,0.05178327303217062
1,4,LogisticRegression,n_replicas,-0.00835634247182778
1,4,LogisticRegression,mean_cpu,-0.005535643387990397
1,4,LogisticRegression,max_cpu,-0.015181210478890095
1,4,LogisticRegression,mean_errors,0.00129281507171571
1,4,LogisticRegression,max_errors,-0.000872975765538723
1,4,LogisticRegression,alarm_fraction,0.005915195584342207
1,4,LogisticRegression,root_down,-0.02012903706676028
1,4,LogisticRegression,down_fraction,0.0006530216325810004
1,4,LogisticRegression,reachable_fraction,0.024429863807697332
1,4,LogisticRegression,exposed_fraction,0.0074941684860781455
1,4,LogisticRegression,reachable_down_fraction,-0.0035152794659415454
1,4,LogisticRegression,degraded_fraction,0.006783933519599827
1,4,RandomForest,root_cpu,0.03525109301060495
1,4,RandomForest,root_errors,0.03439697411413032
1,4,RandomForest,root_latency,0.02715015689194363
1,4,RandomForest,n_nodes,0.02715015689194363
1,4,RandomForest,n_requires,0.04835197698631879
1,4,RandomForest,n_replicas,0.013448436970566266
1,4,RandomForest,mean_cpu,0.02715015689194363
1,4,RandomForest,max_cpu,0.021035909393815277
1,4,RandomForest,mean_errors,0.006724218485283133
1,4,RandomForest,max_errors,0.014311690908532146
1,4,RandomForest,alarm_fraction,0.007587472423249013
1,4,RandomForest,root_down,0.05559879420850548
1,4,RandomForest,down_fraction,0.0009793712883222432
1,4,RandomForest,reachable_fraction,0.0
1,4,RandomForest,exposed_fraction,0.04184254302405462
1,4,RandomForest,reachable_down_fraction,0.006724218485283133
1,4,RandomForest,degraded_fraction,0.013448436970566266
1,4,GradientBoosting,root_cpu,0.026889958075122327
1,4,GradientBoosting,root_errors,0.01913930411321883
1,4,GradientBoosting,root_latency,-0.013939561745908971
1,4,GradientBoosting,n_nodes,0.0
1,4,GradientBoosting,n_requires,0.030740290672969888
1,4,GradientBoosting,n_replicas,0.020339794306835118
1,4,GradientBoosting,mean_cpu,0.0
1,4,GradientBoosting,max_cpu,0.0064961425362667176
1,4,GradientBoosting,mean_errors,0.024626043174841534
1,4,GradientBoosting,max_errors,0.0
1,4,GradientBoosting,alarm_fraction,0.0
1,4,GradientBoosting,root_down,0.03599753057509349
1,4,GradientBoosting,down_fraction,-0.0029068985839943995
1,4,GradientBoosting,reachable_fraction,-0.016626596489758838
1,4,GradientBoosting,exposed_fraction,0.0
1,4,GradientBoosting,reachable_down_fraction,0.0
1,4,GradientBoosting,degraded_fraction,0.0
