repeat,fold,sample_id,target,prediction,probability
0,0,0,1,0,0.4715195131315713
0,0,1,1,1,0.6663149149514412
0,0,2,1,1,0.6663149149514412
0,0,3,0,0,0.4715195131315713
0,0,4,1,0,0.4715195131315713
0,0,5,1,0,0.4715195131315713
0,0,6,0,1,0.6663149149514412
0,0,7,1,1,0.6663149149514412
0,0,8,1,0,0.4715195131315713
0,0,9,1,0,0.4715195131315713
0,0,10,0,0,0.4715195131315713
0,0,11,0,0,0.4715195131315713
0,0,12,0,1,0.6663149149514412
0,0,13,0,1,0.6663149149514412
0,0,14,1,0,0.4715195131315713
0,0,15,0,1,0.6663149149514412
0,0,56,1,0,0.4715195131315713
0,0,57,1,0,0.4715195131315713
0,0,58,1,0,0.4715195131315713
0,0,59,1,1,0.6663149149514412
0,0,60,1,1,0.6663149149514412
0,0,61,1,0,0.4715195131315713
0,0,62,0,0,0.4715195131315715
0,0,63,1,1,0.6663149149514412
0,0,112,1,0,0.4715195131315713
0,0,113,0,1,0.6663149149514412
0,0,114,1,1,0.6663149149514409
0,0,115,0,1,0.6663149149514412
0,0,116,1,1,0.6663149149514409
0,0,117,1,1,0.6663149149514409
0,0,118,0,0,0.4715195131315713
0,0,119,0,1,0.6663149149514412
0,0,200,1,1,0.6663149149514412
0,0,201,1,0,0.4715195131315713
0,0,202,0,0,0.4715195131315713
0,0,203,0,1,0.6663149149514409
0,0,204,1,1,0.6663149149514412
0,0,205,1,0,0.4715195131315713
0,0,206,0,1,0.6663149149514412
0,0,207,1,0,0.4715195131315713
0,0,208,1,0,0.4715195131315713
0,0,209,1,1,0.6663149149514415
0,0,210,1,0,0.4715195131315713
0,0,211,0,0,0.4715195131315713
0,0,212,1,1,0.6663149149514415
0,0,213,0,1,0.6663149149514412
0,0,214,1,1,0.6663149149514415
0,0,215,1,0,0.4715195131315713
0,0,232,0,0,0.4715195131315713
0,0,233,1,0,0.4715195131315715
0,0,234,1,0,0.4715195131315713
0,0,235,0,0,0.4715195131315713
0,0,236,1,1,0.6663149149514415
0,0,237,1,1,0.6663149149514412
0,0,238,1,0,0.4715195131315713
0,0,239,0,1,0.6663149149514412
0,0,280,1,1,0.6663149149514412
0,0,281,0,0,0.4715195131315713
0,0,282,1,1,0.6663149149514412
0,0,283,1,1,0.6663149149514412
0,0,284,1,1,0.6663149149514412
0,0,285,0,1,0.6663149149514412
0,0,286,1,0,0.4715195131315713
0,0,287,0,1,0.6663149149514412
0,0,296,0,1,0.6663149149514412
0,0,297,1,1,0.6663149149514412
0,0,298,1,0,0.4715195131315713
0,0,299,0,0,0.4715195131315713
0,0,300,0,1,0.6663149149514412
0,0,301,1,1,0.6663149149514412
0,0,302,1,1,0.6663149149514409
0,0,303,0,1,0.6663149149514412
0,0,336,0,0,0.4715195131315713
0,0,337,1,1,0.6663149149514412
0,0,338,1,0,0.4715195131315713
0,0,339,0,0,0.4715195131315713
0,0,340,0,0,0.4715195131315713
0,0,341,0,1,0.6663149149514412
0,0,342,1,1,0.6663149149514415
0,0,343,1,1,0.6663149149514412
0,0,392,0,1,0.6663149149514412
0,0,393,1,0,0.4715195131315713
0,0,394,1,0,0.4715195131315713
0,0,395,0,0,0.4715195131315713
0,0,396,1,0,0.4715195131315713
0,0,397,1,1,0.6663149149514412
0,0,398,1,0,0.4715195131315713
0,0,399,1,1,0.6663149149514412
0,0,448,1,1,0.6663149149514412
0,0,449,1,1,0.6663149149514409
0,0,450,1,0,0.4715195131315713
0,0,451,0,1,0.6663149149514412
0,0,452,1,1,0.6663149149514412
0,0,453,1,0,0.4715195131315713
0,0,454,1,0,0.4715195131315713
0,0,455,1,0,0.4715195131315713
0,0,464,1,1,0.6663149149514412
0,0,465,1,0,0.4715195131315713
0,0,466,0,0,0.4715195131315713
0,0,467,0,1,0.6663149149514412
0,0,468,0,0,0.4715195131315713
0,0,469,1,1,0.6663149149514412
0,0,470,0,0,0.4715195131315713
0,0,471,1,1,0.6663149149514409
0,0,528,1,1,0.6663149149514412
0,0,529,1,0,0.4715195131315713
0,0,530,1,0,0.4715195131315713
0,0,531,1,0,0.4715195131315713
0,0,532,1,0,0.4715195131315713
0,0,533,1,1,0.6663149149514412
0,0,534,1,0,0.4715195131315713
0,0,535,1,0,0.4715195131315715
0,0,576,1,0,0.4715195131315713
0,0,577,1,0,0.4715195131315713
0,0,578,0,1,0.6663149149514412
0,0,579,0,0,0.4715195131315713
0,0,580,1,0,0.4715195131315713
0,0,581,1,1,0.6663149149514412
0,0,582,1,0,0.4715195131315713
0,0,583,0,0,0.4715195131315713
0,0,656,0,0,0.4715195131315713
0,0,657,0,1,0.6663149149514412
0,0,658,0,0,0.4715195131315713
0,0,659,1,0,0.4715195131315713
0,0,660,1,1,0.6663149149514412
0,0,661,0,1,0.6663149149514412
0,0,662,0,1,0.6663149149514412
0,0,663,0,0,0.4715195131315713
0,0,680,1,0,0.4715195131315713
0,0,681,1,0,0.4715195131315715
0,0,682,1,0,0.4715195131315713
0,0,683,1,1,0.6663149149514412
0,0,684,1,1,0.6663149149514409
0,0,685,1,1,0.6663149149514412
0,0,686,1,1,0.6663149149514412
0,0,687,1,1,0.6663149149514415
0,0,704,0,1,0.6663149149514412
0,0,705,0,1,0.6663149149514412
0,0,706,0,0,0.4715195131315713
0,0,707,0,1,0.6663149149514412
0,0,708,0,0,0.4715195131315713
0,0,709,0,0,0.4715195131315713
0,0,710,0,1,0.6663149149514412
0,0,711,1,1,0.6663149149514412
0,0,752,0,0,0.4715195131315713
0,0,753,1,0,0.4715195131315713
0,0,754,0,1,0.6663149149514412
0,0,755,1,1,0.6663149149514415
0,0,756,1,1,0.6663149149514415
0,0,757,1,1,0.6663149149514412
0,0,758,1,1,0.6663149149514412
0,0,759,0,1,0.6663149149514412
0,0,760,1,1,0.6663149149514412
0,0,761,0,0,0.4715195131315713
0,0,762,0,1,0.6663149149514412
0,0,763,1,0,0.4715195131315713
0,0,764,1,0,0.4715195131315713
0,0,765,1,0,0.4715195131315713
0,0,766,1,1,0.6663149149514412
0,0,767,1,1,0.6663149149514412
0,0,792,1,1,0.6663149149514412
0,0,793,1,0,0.4715195131315713
0,0,794,1,0,0.4715195131315713
0,0,795,0,1,0.6663149149514412
0,0,796,1,0,0.4715195131315713
0,0,797,0,0,0.4715195131315713
0,0,798,0,0,0.4715195131315713
0,0,799,0,0,0.4715195131315713
0,0,848,0,1,0.6663149149514412
0,0,849,0,0,0.4715195131315713
0,0,850,0,1,0.6663149149514412
0,0,851,0,0,0.4715195131315713
0,0,852,0,0,0.4715195131315713
0,0,853,0,1,0.6663149149514412
0,0,854,1,1,0.6663149149514415
0,0,855,1,0,0.4715195131315713
0,0,920,1,0,0.4715195131315713
0,0,921,1,1,0.6663149149514412
0,0,922,1,1,0.6663149149514415
0,0,923,0,1,0.6663149149514412
0,0,924,1,0,0.4715195131315713
0,0,925,1,1,0.6663149149514412
0,0,926,1,1,0.6663149149514412
0,0,927,0,0,0.4715195131315713
0,0,944,1,0,0.4715195131315713
0,0,945,1,1,0.6663149149514412
0,0,946,1,0,0.4715195131315713
0,0,947,1,0,0.4715195131315713
0,0,948,1,0,0.4715195131315713
0,0,949,1,0,0.4715195131315713
0,0,950,1,0,0.4715195131315713
0,0,951,1,1,0.6663149149514412
0,1,40,1,1,0.7182391170142249
0,1,41,0,1,0.7182391170142249
0,1,42,0,0,0.46415740833753266
0,1,43,1,0,0.46415740833753266
0,1,44,1,1,0.7182391170142249
0,1,45,1,0,0.46415740833753266
0,1,46,1,1,0.7182391170142249
0,1,47,0,0,0.46415740833753266
0,1,48,1,0,0.46415740833753266
0,1,49,0,0,0.4641574083375325
0,1,50,0,0,0.46415740833753266
0,1,51,0,0,0.46415740833753266
0,1,52,1,0,0.46415740833753266
0,1,53,0,1,0.5046367865062334
0,1,54,0,0,0.46415740833753266
0,1,55,0,0,0.46415740833753266
0,1,88,1,1,0.6189873646885559
0,1,89,0,1,0.5046367865062334
0,1,90,1,1,0.5046367865062334
0,1,91,0,0,0.46415740833753266
0,1,92,1,1,0.7182391170142248
0,1,93,1,1,0.7182391170142248
0,1,94,1,1,0.7182391170142249
0,1,95,1,1,0.7182391170142248
0,1,144,1,1,0.7182391170142248
0,1,145,0,1,0.6189873646885561
0,1,146,1,1,0.5046367865062334
0,1,147,1,1,0.5046367865062334
0,1,148,1,1,0.6189873646885561
0,1,149,1,1,0.6189873646885561
0,1,150,1,1,0.6189873646885561
0,1,151,1,1,0.7182391170142248
0,1,160,1,1,0.7182391170142248
0,1,161,1,1,0.7182391170142248
0,1,162,0,0,0.46415740833753266
0,1,163,0,0,0.4641574083375325
0,1,164,0,0,0.46415740833753266
0,1,165,1,0,0.4641574083375325
0,1,166,1,1,0.7182391170142248
0,1,167,0,1,0.6189873646885561
0,1,240,0,1,0.6189873646885561
0,1,241,0,0,0.4641574083375325
0,1,242,1,1,0.5046367865062334
0,1,243,1,1,0.7182391170142248
0,1,244,1,1,0.5046367865062334
0,1,245,1,0,0.46415740833753266
0,1,246,0,0,0.46415740833753266
0,1,247,0,0,0.4641574083375325
0,1,256,1,0,0.46415740833753266
0,1,257,1,1,0.7182391170142249
0,1,258,1,1,0.6189873646885559
0,1,259,0,0,0.46415740833753266
0,1,260,1,1,0.5046367865062334
0,1,261,1,1,0.6189873646885561
0,1,262,0,1,0.7182391170142249
0,1,263,1,1,0.6189873646885559
0,1,264,1,1,0.5046367865062334
0,1,265,1,1,0.7182391170142249
0,1,266,1,1,0.5046367865062334
0,1,267,1,1,0.7182391170142249
0,1,268,1,0,0.46415740833753266
0,1,269,0,0,0.46415740833753266
0,1,270,1,1,0.7182391170142248
0,1,271,0,1,0.6189873646885559
0,1,320,1,0,0.46415740833753266
0,1,321,0,1,0.7182391170142249
0,1,322,1,1,0.7182391170142249
0,1,323,1,1,0.7182391170142249
0,1,324,1,1,0.7182391170142249
0,1,325,1,1,0.7182391170142249
0,1,326,1,0,0.46415740833753266
0,1,327,1,1,0.6189873646885561
0,1,360,0,1,0.7182391170142249
0,1,361,1,1,0.7182391170142249
0,1,362,1,1,0.7182391170142249
0,1,363,1,1,0.7182391170142249
0,1,364,1,0,0.46415740833753266
0,1,365,0,1,0.7182391170142249
0,1,366,0,1,0.5046367865062334
0,1,367,1,1,0.7182391170142248
0,1,368,0,1,0.7182391170142248
0,1,369,1,1,0.7182391170142248
0,1,370,1,0,0.46415740833753266
0,1,371,0,1,0.6189873646885561
0,1,372,1,0,0.46415740833753266
0,1,373,1,1,0.7182391170142248
0,1,374,1,1,0.5046367865062334
0,1,375,1,1,0.7182391170142248
0,1,424,0,0,0.4641574083375325
0,1,425,0,0,0.46415740833753266
0,1,426,0,1,0.7182391170142248
0,1,427,1,1,0.7182391170142248
0,1,428,0,1,0.7182391170142248
0,1,429,1,1,0.7182391170142249
0,1,430,1,1,0.7182391170142248
0,1,431,1,1,0.7182391170142249
0,1,504,1,0,0.46415740833753266
0,1,505,1,1,0.7182391170142249
0,1,506,1,1,0.7182391170142248
0,1,507,1,1,0.6189873646885559
0,1,508,1,0,0.46415740833753266
0,1,509,1,1,0.7182391170142249
0,1,510,1,1,0.7182391170142248
0,1,511,0,0,0.46415740833753266
0,1,544,1,1,0.7182391170142248
0,1,545,1,1,0.7182391170142249
0,1,546,0,0,0.46415740833753266
0,1,547,0,0,0.46415740833753266
0,1,548,1,1,0.6189873646885559
0,1,549,1,1,0.6189873646885559
0,1,550,1,0,0.4641574083375325
0,1,551,1,1,0.7182391170142249
0,1,568,1,1,0.7182391170142249
0,1,569,1,1,0.5046367865062334
0,1,570,1,0,0.4641574083375325
0,1,571,1,1,0.6189873646885559
0,1,572,1,0,0.46415740833753266
0,1,573,1,1,0.5046367865062334
0,1,574,0,0,0.46415740833753266
0,1,575,1,0,0.46415740833753266
0,1,640,0,1,0.6189873646885559
0,1,641,1,0,0.46415740833753266
0,1,642,1,1,0.7182391170142248
0,1,643,1,1,0.7182391170142248
0,1,644,0,0,0.46415740833753266
0,1,645,0,1,0.7182391170142249
0,1,646,1,1,0.6189873646885561
0,1,647,0,0,0.46415740833753266
0,1,672,0,1,0.7182391170142249
0,1,673,1,0,0.46415740833753266
0,1,674,0,0,0.4641574083375325
0,1,675,1,0,0.46415740833753266
0,1,676,0,0,0.46415740833753266
0,1,677,0,1,0.5046367865062334
0,1,678,1,0,0.46415740833753266
0,1,679,0,0,0.46415740833753266
0,1,712,1,1,0.5046367865062334
0,1,713,0,0,0.46415740833753266
0,1,714,0,1,0.7182391170142248
0,1,715,1,1,0.5046367865062334
0,1,716,1,1,0.6189873646885561
0,1,717,0,0,0.46415740833753266
0,1,718,0,0,0.4641574083375325
0,1,719,1,1,0.7182391170142248
0,1,720,0,1,0.7182391170142249
0,1,721,0,1,0.5046367865062334
0,1,722,1,1,0.7182391170142248
0,1,723,1,1,0.6189873646885561
0,1,724,0,1,0.7182391170142248
0,1,725,1,1,0.7182391170142248
0,1,726,0,0,0.46415740833753266
0,1,727,1,1,0.6189873646885561
0,1,784,0,1,0.5046367865062334
0,1,785,0,1,0.7182391170142248
0,1,786,1,1,0.5046367865062334
0,1,787,0,0,0.4641574083375325
0,1,788,0,1,0.6189873646885561
0,1,789,0,1,0.7182391170142248
0,1,790,0,1,0.7182391170142248
0,1,791,1,1,0.5046367865062334
0,1,808,1,1,0.7182391170142249
0,1,809,1,1,0.7182391170142248
0,1,810,0,0,0.46415740833753266
0,1,811,1,0,0.46415740833753266
0,1,812,1,0,0.46415740833753266
0,1,813,0,1,0.5046367865062334
0,1,814,1,1,0.6189873646885559
0,1,815,1,1,0.7182391170142248
0,1,864,0,0,0.4641574083375325
0,1,865,0,0,0.46415740833753266
0,1,866,0,0,0.46415740833753266
0,1,867,1,1,0.7182391170142248
0,1,868,0,1,0.6189873646885561
0,1,869,0,0,0.4641574083375325
0,1,870,0,1,0.7182391170142248
0,1,871,0,0,0.4641574083375325
0,1,880,0,1,0.7182391170142249
0,1,881,1,1,0.5046367865062334
0,1,882,0,1,0.6189873646885559
0,1,883,0,1,0.5046367865062334
0,1,884,0,1,0.7182391170142249
0,1,885,0,1,0.7182391170142249
0,1,886,1,1,0.5046367865062334
0,1,887,1,1,0.7182391170142249
0,1,928,0,0,0.46415740833753266
0,1,929,0,0,0.46415740833753266
0,1,930,1,1,0.5046367865062334
0,1,931,1,0,0.46415740833753266
0,1,932,0,1,0.6189873646885559
0,1,933,0,0,0.46415740833753266
0,1,934,0,1,0.7182391170142249
0,1,935,0,1,0.5046367865062334
0,2,24,0,1,0.6282164848881724
0,2,25,0,1,0.7620815278971849
0,2,26,1,1,0.661549263284219
0,2,27,1,1,0.5159963323934473
0,2,28,1,0,0.37617429638151195
0,2,29,0,1,0.7620815278971851
0,2,30,0,1,0.5159963323934473
0,2,31,0,1,0.7620815278971851
0,2,64,1,1,0.7620815278971851
0,2,65,0,0,0.3761742963815118
0,2,66,0,0,0.3761742963815118
0,2,67,1,0,0.3761742963815118
0,2,68,1,1,0.7620815278971851
0,2,69,1,1,0.7620815278971851
0,2,70,0,1,0.6705651684104315
0,2,71,0,0,0.3761742963815118
0,2,72,1,1,0.5159963323934473
0,2,73,1,0,0.3761742963815118
0,2,74,1,1,0.5250740277353485
0,2,75,0,1,0.6705651684104315
0,2,76,1,1,0.5159963323934473
0,2,77,1,1,0.5250740277353485
0,2,78,1,1,0.7620815278971849
0,2,79,1,1,0.6705651684104315
0,2,104,1,0,0.3761742963815118
0,2,105,1,1,0.6282164848881726
0,2,106,1,0,0.3761742963815118
0,2,107,1,0,0.3761742963815118
0,2,108,1,1,0.7620815278971849
0,2,109,1,1,0.7620815278971849
0,2,110,1,0,0.3761742963815118
0,2,111,1,1,0.7620815278971849
0,2,136,1,1,0.661549263284219
0,2,137,1,1,0.5159963323934473
0,2,138,0,0,0.37617429638151195
0,2,139,1,1,0.6705651684104315
0,2,140,0,0,0.3761742963815118
0,2,141,1,0,0.3761742963815118
0,2,142,0,1,0.6705651684104315
0,2,143,1,1,0.7620815278971851
0,2,168,1,0,0.3761742963815118
0,2,169,1,0,0.3761742963815118
0,2,170,1,1,0.6705651684104315
0,2,171,0,0,0.3761742963815118
0,2,172,0,1,0.6705651684104315
0,2,173,1,1,0.661549263284219
0,2,174,1,1,0.7620815278971851
0,2,175,1,1,0.7620815278971851
0,2,192,1,1,0.5250740277353485
0,2,193,0,1,0.5159963323934473
0,2,194,1,1,0.6705651684104315
0,2,195,1,1,0.7620815278971849
0,2,196,1,1,0.5250740277353485
0,2,197,1,1,0.7620815278971851
0,2,198,1,1,0.5250740277353485
0,2,199,0,1,0.5159963323934473
0,2,248,1,1,0.5159963323934473
0,2,249,1,1,0.5159963323934473
0,2,250,0,1,0.6705651684104315
0,2,251,1,0,0.3761742963815118
0,2,252,0,0,0.3761742963815118
0,2,253,1,1,0.7620815278971851
0,2,254,0,1,0.5159963323934473
0,2,255,1,1,0.7620815278971851
0,2,272,1,0,0.3761742963815118
0,2,273,1,1,0.7620815278971851
0,2,274,1,1,0.6705651684104315
0,2,275,1,0,0.3761742963815118
0,2,276,0,1,0.661549263284219
0,2,277,1,1,0.5250740277353485
0,2,278,1,1,0.6705651684104315
0,2,279,1,1,0.5177899742931453
0,2,304,1,1,0.7620815278971851
0,2,305,1,1,0.7620815278971849
0,2,306,0,1,0.7620815278971851
0,2,307,1,1,0.5159963323934473
0,2,308,1,1,0.661549263284219
0,2,309,1,1,0.5159963323934473
0,2,310,0,1,0.7620815278971851
0,2,311,1,1,0.661549263284219
0,2,400,1,1,0.7620815278971851
0,2,401,1,1,0.7620815278971851
0,2,402,1,1,0.5159963323934473
0,2,403,1,1,0.5177899742931453
0,2,404,0,1,0.7620815278971851
0,2,405,0,1,0.7620815278971851
0,2,406,0,0,0.3761742963815118
0,2,407,0,0,0.3761742963815118
0,2,416,1,1,0.6282164848881724
0,2,417,0,1,0.5250740277353485
0,2,418,0,1,0.7620815278971849
0,2,419,1,1,0.7620815278971851
0,2,420,0,1,0.7620815278971851
0,2,421,1,1,0.6282164848881724
0,2,422,0,1,0.7620815278971851
0,2,423,1,1,0.7620815278971849
0,2,456,0,0,0.3761742963815118
0,2,457,0,1,0.661549263284219
0,2,458,0,0,0.3761742963815118
0,2,459,0,1,0.6705651684104315
0,2,460,0,0,0.3761742963815118
0,2,461,1,1,0.5159963323934473
0,2,462,1,0,0.3761742963815118
0,2,463,1,1,0.7620815278971849
0,2,480,1,1,0.5250740277353485
0,2,481,1,1,0.5250740277353485
0,2,482,1,1,0.6705651684104315
0,2,483,0,1,0.5159963323934473
0,2,484,1,1,0.7620815278971849
0,2,485,0,1,0.7620815278971849
0,2,486,0,1,0.7620815278971849
0,2,487,1,1,0.7620815278971849
0,2,488,0,0,0.3761742963815118
0,2,489,1,0,0.3761742963815118
0,2,490,0,0,0.3761742963815118
0,2,491,1,1,0.5250740277353485
0,2,492,1,1,0.7620815278971849
0,2,493,1,1,0.5250740277353485
0,2,494,0,1,0.5159963323934473
0,2,495,1,1,0.7620815278971851
0,2,584,1,1,0.7620815278971851
0,2,585,1,1,0.7620815278971851
0,2,586,1,1,0.661549263284219
0,2,587,0,1,0.5250740277353485
0,2,588,1,1,0.7620815278971851
0,2,589,1,1,0.5250740277353485
0,2,590,0,1,0.7620815278971851
0,2,591,0,1,0.5159963323934473
0,2,600,1,1,0.5250740277353485
0,2,601,1,1,0.5250740277353485
0,2,602,1,1,0.5159963323934473
0,2,603,0,0,0.3761742963815118
0,2,604,0,0,0.3761742963815118
0,2,605,0,1,0.7620815278971851
0,2,606,1,1,0.6705651684104315
0,2,607,0,1,0.6705651684104315
0,2,632,1,1,0.7620815278971851
0,2,633,1,1,0.6282164848881726
0,2,634,1,1,0.7620815278971851
0,2,635,0,1,0.5159963323934473
0,2,636,1,1,0.6705651684104315
0,2,637,1,1,0.7620815278971851
0,2,638,1,1,0.6705651684104315
0,2,639,1,1,0.5159963323934473
0,2,696,1,0,0.3761742963815118
0,2,697,1,1,0.6282164848881724
0,2,698,0,1,0.6705651684104315
0,2,699,1,1,0.6705651684104315
0,2,700,0,1,0.6705651684104315
0,2,701,0,0,0.3761742963815118
0,2,702,0,1,0.6282164848881726
0,2,703,0,0,0.3761742963815118
0,2,728,1,1,0.7620815278971851
0,2,729,0,1,0.5159963323934476
0,2,730,0,1,0.7620815278971851
0,2,731,1,1,0.7620815278971851
0,2,732,1,1,0.5250740277353485
0,2,733,0,0,0.3761742963815118
0,2,734,1,1,0.7620815278971851
0,2,735,0,1,0.6282164848881726
0,2,768,1,0,0.3761742963815118
0,2,769,1,1,0.5250740277353485
0,2,770,1,1,0.6282164848881726
0,2,771,1,1,0.7620815278971849
0,2,772,1,0,0.3761742963815118
0,2,773,0,1,0.6282164848881726
0,2,774,1,0,0.3761742963815118
0,2,775,1,1,0.7620815278971851
0,2,800,0,0,0.3761742963815118
0,2,801,0,1,0.6282164848881726
0,2,802,1,1,0.5250740277353485
0,2,803,0,1,0.5159963323934473
0,2,804,1,1,0.6705651684104315
0,2,805,0,1,0.661549263284219
0,2,806,0,0,0.3761742963815118
0,2,807,1,1,0.7620815278971851
0,2,840,1,1,0.7620815278971851
0,2,841,0,1,0.7620815278971851
0,2,842,1,1,0.5250740277353485
0,2,843,0,1,0.6282164848881724
0,2,844,0,1,0.661549263284219
0,2,845,0,1,0.5250740277353485
0,2,846,0,1,0.5250740277353485
0,2,847,1,0,0.3761742963815118
0,2,856,1,1,0.5177899742931455
0,2,857,0,1,0.5159963323934473
0,2,858,0,1,0.5177899742931453
0,2,859,0,0,0.3761742963815118
0,2,860,0,1,0.5250740277353485
0,2,861,0,1,0.5177899742931455
0,2,862,0,1,0.5159963323934473
0,2,863,0,0,0.3761742963815118
0,3,80,0,1,0.5052118049893355
0,3,81,1,1,0.5304932219392454
0,3,82,1,0,0.4117158805252914
0,3,83,1,1,0.6779495763627806
0,3,84,1,1,0.5052118049893355
0,3,85,1,1,0.6148896534782698
0,3,86,1,1,0.7484105800981222
0,3,87,1,0,0.4117158805252914
0,3,96,1,1,0.7484105800981222
0,3,97,1,0,0.4117158805252914
0,3,98,1,1,0.6682828537000021
0,3,99,1,1,0.5304932219392452
0,3,100,1,1,0.6148896534782698
0,3,101,0,1,0.5052118049893355
0,3,102,0,0,0.4117158805252914
0,3,103,1,1,0.7484105800981222
0,3,176,1,1,0.6148896534782698
0,3,177,1,0,0.4117158805252914
0,3,178,1,1,0.5304932219392454
0,3,179,0,0,0.4117158805252914
0,3,180,1,0,0.4117158805252914
0,3,181,0,0,0.4117158805252914
0,3,182,1,1,0.6148896534782698
0,3,183,1,1,0.7484105800981222
0,3,224,1,1,0.7484105800981222
0,3,225,1,1,0.5052118049893355
0,3,226,0,0,0.4117158805252914
0,3,227,1,1,0.6779495763627806
0,3,228,0,1,0.7484105800981222
0,3,229,0,1,0.5799831883381812
0,3,230,1,1,0.6779495763627803
0,3,231,1,1,0.7484105800981222
0,3,288,1,1,0.5052118049893355
0,3,289,1,1,0.6148896534782698
0,3,290,0,0,0.4117158805252914
0,3,291,1,1,0.6779495763627803
0,3,292,1,1,0.6779495763627806
0,3,293,0,0,0.4117158805252914
0,3,294,1,1,0.7484105800981222
0,3,295,1,0,0.4117158805252914
0,3,312,0,1,0.5304932219392452
0,3,313,0,1,0.5304932219392452
0,3,314,1,1,0.6148896534782698
0,3,315,0,0,0.4117158805252914
0,3,316,1,1,0.6148896534782698
0,3,317,1,1,0.5304932219392452
0,3,318,0,0,0.4117158805252914
0,3,319,0,1,0.7484105800981222
0,3,344,1,1,0.7484105800981222
0,3,345,1,1,0.7484105800981222
0,3,346,1,1,0.5052118049893355
0,3,347,1,0,0.4117158805252914
0,3,348,1,1,0.6779495763627806
0,3,349,1,1,0.7484105800981222
0,3,350,1,1,0.6779495763627806
0,3,351,1,1,0.7484105800981222
0,3,376,0,0,0.4117158805252914
0,3,377,0,0,0.4117158805252914
0,3,378,1,1,0.5799831883381812
0,3,379,1,1,0.7484105800981222
0,3,380,1,0,0.4117158805252914
0,3,381,0,1,0.5799831883381812
0,3,382,1,1,0.7484105800981222
0,3,383,1,1,0.6148896534782698
0,3,384,0,1,0.5052118049893355
0,3,385,0,1,0.6779495763627806
0,3,386,1,1,0.6779495763627806
0,3,387,0,0,0.4117158805252914
0,3,388,1,1,0.7484105800981222
0,3,389,0,0,0.4117158805252914
0,3,390,0,1,0.5052118049893355
0,3,391,1,1,0.5304932219392454
0,3,408,0,1,0.7484105800981222
0,3,409,0,0,0.4117158805252914
0,3,410,1,1,0.6148896534782698
0,3,411,0,0,0.4117158805252914
0,3,412,1,0,0.4117158805252914
0,3,413,0,1,0.6148896534782698
0,3,414,0,0,0.4117158805252914
0,3,415,1,1,0.6779495763627806
0,3,496,0,1,0.6148896534782698
0,3,497,0,0,0.4117158805252914
0,3,498,0,1,0.6682828537000021
0,3,499,0,1,0.6779495763627806
0,3,500,1,1,0.7484105800981222
0,3,501,1,1,0.5799831883381812
0,3,502,1,0,0.4117158805252914
0,3,503,1,0,0.4117158805252914
0,3,512,0,0,0.4117158805252914
0,3,513,0,1,0.6682828537000021
0,3,514,1,1,0.6779495763627806
0,3,515,1,1,0.7484105800981222
0,3,516,1,1,0.5052118049893355
0,3,517,0,0,0.4117158805252914
0,3,518,0,1,0.7484105800981222
0,3,519,0,1,0.6779495763627806
0,3,552,0,0,0.4117158805252914
0,3,553,1,1,0.6148896534782698
0,3,554,0,0,0.4117158805252914
0,3,555,0,1,0.5799831883381812
0,3,556,1,1,0.7484105800981222
0,3,557,1,1,0.7484105800981222
0,3,558,1,1,0.5304932219392452
0,3,559,0,1,0.5052118049893355
0,3,560,0,0,0.4117158805252914
0,3,561,0,0,0.4117158805252914
0,3,562,1,1,0.7484105800981222
0,3,563,0,1,0.5304932219392454
0,3,564,0,0,0.4117158805252914
0,3,565,0,1,0.5799831883381812
0,3,566,0,1,0.6148896534782698
0,3,567,0,0,0.4117158805252914
0,3,592,1,1,0.6779495763627806
0,3,593,1,1,0.7484105800981222
0,3,594,1,1,0.7484105800981222
0,3,595,0,1,0.7484105800981222
0,3,596,1,1,0.5052118049893355
0,3,597,1,0,0.4117158805252914
0,3,598,1,1,0.5052118049893355
0,3,599,0,1,0.6682828537000021
0,3,688,1,1,0.5799831883381812
0,3,689,0,1,0.5052118049893355
0,3,690,0,1,0.6779495763627803
0,3,691,1,1,0.5799831883381812
0,3,692,1,0,0.4117158805252914
0,3,693,1,1,0.6682828537000021
0,3,694,1,1,0.7484105800981222
0,3,695,0,1,0.5052118049893355
0,3,736,0,1,0.7484105800981222
0,3,737,0,1,0.7484105800981222
0,3,738,0,0,0.4117158805252914
0,3,739,1,1,0.6682828537000021
0,3,740,1,1,0.7484105800981222
0,3,741,0,1,0.5304932219392454
0,3,742,1,1,0.6779495763627806
0,3,743,1,1,0.7484105800981222
0,3,744,0,1,0.5304932219392454
0,3,745,1,1,0.6779495763627806
0,3,746,0,0,0.4117158805252914
0,3,747,0,1,0.7484105800981222
0,3,748,1,0,0.4117158805252914
0,3,749,0,0,0.4117158805252914
0,3,750,0,1,0.6779495763627806
0,3,751,0,0,0.4117158805252914
0,3,776,0,1,0.5052118049893355
0,3,777,0,0,0.4117158805252914
0,3,778,1,0,0.4117158805252914
0,3,779,0,0,0.4117158805252914
0,3,780,0,1,0.5304932219392452
0,3,781,0,1,0.6779495763627806
0,3,782,0,1,0.6148896534782698
0,3,783,0,1,0.6779495763627806
0,3,832,1,1,0.5304932219392454
0,3,833,1,1,0.7484105800981222
0,3,834,1,1,0.5799831883381812
0,3,835,1,0,0.4117158805252914
0,3,836,0,0,0.4117158805252914
0,3,837,1,1,0.7484105800981222
0,3,838,1,1,0.5304932219392454
0,3,839,1,1,0.6779495763627803
0,3,904,0,0,0.4117158805252914
0,3,905,0,1,0.5304932219392452
0,3,906,1,1,0.6682828537000021
0,3,907,0,1,0.5052118049893355
0,3,908,1,1,0.6148896534782698
0,3,909,0,1,0.6682828537000021
0,3,910,0,1,0.5052118049893355
0,3,911,1,1,0.5304932219392452
0,3,912,1,0,0.4117158805252914
0,3,913,1,1,0.6779495763627806
0,3,914,0,1,0.7484105800981222
0,3,915,0,1,0.7484105800981222
0,3,916,1,1,0.6779495763627806
0,3,917,1,1,0.7484105800981222
0,3,918,1,1,0.6779495763627806
0,3,919,0,1,0.5799831883381812
0,3,936,0,0,0.4117158805252914
0,3,937,1,1,0.6779495763627806
0,3,938,0,1,0.7484105800981222
0,3,939,0,1,0.7484105800981222
0,3,940,1,0,0.4117158805252914
0,3,941,1,0,0.4117158805252914
0,3,942,1,0,0.4117158805252914
0,3,943,1,1,0.6148896534782698
0,3,952,1,1,0.6148896534782698
0,3,953,1,1,0.6779495763627803
0,3,954,1,1,0.6779495763627803
0,3,955,1,1,0.5052118049893355
0,3,956,1,1,0.5052118049893355
0,3,957,1,1,0.7484105800981222
0,3,958,0,1,0.6779495763627806
0,3,959,1,0,0.4117158805252914
0,4,16,0,0,0.4349324186443138
0,4,17,1,1,0.7160644426015039
0,4,18,0,0,0.4349324186443137
0,4,19,1,0,0.4921234083407575
0,4,20,1,1,0.7160644426015039
0,4,21,1,1,0.7160644426015039
0,4,22,0,0,0.4349324186443137
0,4,23,0,0,0.4349324186443137
0,4,32,1,0,0.4349324186443138
0,4,33,1,1,0.7160644426015039
0,4,34,1,0,0.4349324186443137
0,4,35,1,0,0.4921234083407575
0,4,36,1,1,0.7160644426015039
0,4,37,1,0,0.4921234083407575
0,4,38,1,1,0.6413934707817855
0,4,39,0,0,0.4349324186443137
0,4,120,0,0,0.4349324186443137
0,4,121,1,0,0.4349324186443137
0,4,122,0,1,0.6037117951633201
0,4,123,0,1,0.7160644426015039
0,4,124,1,0,0.4349324186443138
0,4,125,0,0,0.4349324186443137
0,4,126,1,1,0.7160644426015039
0,4,127,1,1,0.6700077925123966
0,4,128,1,0,0.4349324186443137
0,4,129,1,1,0.7160644426015039
0,4,130,0,0,0.4349324186443137
0,4,131,0,1,0.6413934707817855
0,4,132,1,0,0.4349324186443137
0,4,133,1,1,0.7160644426015039
0,4,134,0,1,0.6413934707817855
0,4,135,1,1,0.6542464210820925
0,4,152,0,0,0.4349324186443137
0,4,153,1,1,0.6924637754631584
0,4,154,0,0,0.4349324186443138
0,4,155,1,1,0.6924637754631584
0,4,156,0,0,0.4349324186443138
0,4,157,1,1,0.7160644426015039
0,4,158,1,0,0.4349324186443137
0,4,159,0,1,0.6413934707817855
0,4,184,0,0,0.4349324186443137
0,4,185,1,1,0.6924637754631584
0,4,186,1,1,0.670007792512397
0,4,187,1,0,0.4349324186443138
0,4,188,1,1,0.7160644426015039
0,4,189,1,1,0.7160644426015039
0,4,190,0,0,0.4349324186443137
0,4,191,0,0,0.4921234083407575
0,4,216,0,1,0.6413934707817855
0,4,217,1,1,0.7160644426015043
0,4,218,1,1,0.7160644426015043
0,4,219,1,1,0.7160644426015039
0,4,220,1,1,0.7160644426015043
0,4,221,0,0,0.4349324186443137
0,4,222,1,1,0.7160644426015039
0,4,223,1,1,0.7160644426015043
0,4,328,1,1,0.7160644426015039
0,4,329,0,1,0.6700077925123966
0,4,330,1,1,0.7160644426015039
0,4,331,1,1,0.7160644426015039
0,4,332,1,1,0.6924637754631584
0,4,333,1,1,0.7160644426015039
0,4,334,1,1,0.6413934707817855
0,4,335,1,1,0.7160644426015039
0,4,352,0,1,0.6413934707817855
0,4,353,0,0,0.4921234083407575
0,4,354,1,1,0.6924637754631584
0,4,355,1,1,0.7160644426015043
0,4,356,0,1,0.6037117951633199
0,4,357,0,0,0.4349324186443137
0,4,358,1,1,0.7160644426015039
0,4,359,0,0,0.4921234083407575
0,4,432,1,0,0.4921234083407575
0,4,433,0,0,0.4921234083407575
0,4,434,0,1,0.6413934707817855
0,4,435,1,1,0.7160644426015039
0,4,436,0,1,0.7160644426015039
0,4,437,0,0,0.4921234083407575
0,4,438,0,0,0.4349324186443138
0,4,439,1,0,0.4921234083407575
0,4,440,0,0,0.4921234083407575
0,4,441,0,1,0.6037117951633199
0,4,442,1,1,0.6700077925123966
0,4,443,0,0,0.4921234083407575
0,4,444,0,1,0.7160644426015039
0,4,445,0,1,0.7160644426015039
0,4,446,0,1,0.6700077925123966
0,4,447,0,0,0.4921234083407575
0,4,472,1,1,0.7160644426015043
0,4,473,1,1,0.7160644426015043
0,4,474,0,1,0.6413934707817855
0,4,475,1,1,0.6037117951633199
0,4,476,0,1,0.6413934707817855
0,4,477,1,0,0.4921234083407575
0,4,478,0,0,0.4349324186443137
0,4,479,1,0,0.4921234083407575
0,4,520,1,0,0.4349324186443138
0,4,521,1,1,0.670007792512397
0,4,522,0,1,0.7160644426015039
0,4,523,1,1,0.670007792512397
0,4,524,1,0,0.4921234083407575
0,4,525,1,1,0.670007792512397
0,4,526,0,1,0.6700077925123966
0,4,527,0,0,0.4349324186443138
0,4,536,1,1,0.670007792512397
0,4,537,1,1,0.7160644426015039
0,4,538,0,0,0.4349324186443138
0,4,539,1,1,0.7160644426015039
0,4,540,0,1,0.6413934707817855
0,4,541,1,1,0.7160644426015039
0,4,542,1,1,0.6700077925123966
0,4,543,0,0,0.4349324186443137
0,4,608,0,1,0.6924637754631584
0,4,609,1,1,0.6542464210820925
0,4,610,0,0,0.4349324186443137
0,4,611,1,0,0.4349324186443137
0,4,612,1,0,0.4349324186443137
0,4,613,1,1,0.6413934707817855
0,4,614,1,1,0.7160644426015039
0,4,615,1,0,0.4349324186443137
0,4,616,1,1,0.6413934707817855
0,4,617,0,0,0.4349324186443137
0,4,618,0,0,0.4349324186443138
0,4,619,1,0,0.4349324186443137
0,4,620,1,1,0.7160644426015039
0,4,621,0,1,0.6700077925123966
0,4,622,0,1,0.6542464210820925
0,4,623,1,1,0.7160644426015039
0,4,624,0,1,0.6413934707817855
0,4,625,1,1,0.7160644426015039
0,4,626,0,1,0.6700077925123966
0,4,627,0,1,0.7160644426015039
0,4,628,0,1,0.6413934707817855
0,4,629,0,1,0.670007792512397
0,4,630,0,0,0.4349324186443137
0,4,631,0,0,0.4349324186443137
0,4,648,0,0,0.4349324186443137
0,4,649,0,1,0.6924637754631584
0,4,650,0,0,0.4349324186443137
0,4,651,1,1,0.7160644426015039
0,4,652,1,1,0.7160644426015039
0,4,653,0,0,0.4349324186443138
0,4,654,0,0,0.4349324186443138
0,4,655,1,1,0.6542464210820925
0,4,664,0,1,0.6542464210820925
0,4,665,0,0,0.4349324186443137
0,4,666,1,0,0.4921234083407575
0,4,667,1,0,0.4349324186443137
0,4,668,1,1,0.6542464210820925
0,4,669,1,1,0.7160644426015039
0,4,670,0,0,0.4349324186443137
0,4,671,1,1,0.7160644426015039
0,4,816,1,1,0.6924637754631584
0,4,817,0,1,0.6542464210820925
0,4,818,0,0,0.4349324186443137
0,4,819,0,0,0.4349324186443137
0,4,820,0,0,0.4349324186443137
0,4,821,0,1,0.670007792512397
0,4,822,0,1,0.6542464210820925
0,4,823,0,1,0.6924637754631584
0,4,824,0,1,0.6542464210820925
0,4,825,1,0,0.4921234083407575
0,4,826,0,0,0.4349324186443138
0,4,827,1,0,0.4349324186443138
0,4,828,0,1,0.7160644426015039
0,4,829,1,1,0.6924637754631584
0,4,830,0,1,0.6700077925123966
0,4,831,0,0,0.4921234083407575
0,4,872,0,1,0.6700077925123966
0,4,873,0,1,0.670007792512397
0,4,874,0,0,0.4349324186443137
0,4,875,0,1,0.670007792512397
0,4,876,1,0,0.4921234083407575
0,4,877,1,1,0.6700077925123966
0,4,878,0,1,0.6037117951633199
0,4,879,1,1,0.6924637754631584
0,4,888,1,0,0.4921234083407575
0,4,889,1,1,0.7160644426015039
0,4,890,1,1,0.6924637754631584
0,4,891,0,1,0.6037117951633199
0,4,892,0,0,0.4349324186443137
0,4,893,1,0,0.4349324186443137
0,4,894,1,1,0.7160644426015039
0,4,895,1,1,0.6924637754631584
0,4,896,1,1,0.6542464210820925
0,4,897,1,1,0.6413934707817855
0,4,898,1,1,0.6542464210820925
0,4,899,1,0,0.4349324186443137
0,4,900,0,0,0.4349324186443137
0,4,901,1,1,0.7160644426015039
0,4,902,0,0,0.4349324186443138
0,4,903,1,0,0.4349324186443138
1,0,8,1,1,0.6846727392679436
1,0,9,1,1,0.6846727392679436
1,0,10,0,1,0.6846727392679436
1,0,11,0,1,0.582729204689703
1,0,12,0,1,0.7929882759652542
1,0,13,0,1,0.7929882759652542
1,0,14,1,1,0.6846727392679436
1,0,15,0,0,0.4514037938009544
1,0,16,0,1,0.582729204689703
1,0,17,1,1,0.7929882759652542
1,0,18,0,0,0.36907355525095487
1,0,19,1,0,0.4514037938009544
1,0,20,1,1,0.7929882759652542
1,0,21,1,1,0.7929882759652542
1,0,22,0,0,0.36907355525095487
1,0,23,0,0,0.36907355525095487
1,0,24,0,1,0.6089123471080843
1,0,25,0,1,0.7929882759652542
1,0,26,1,1,0.6626621033543587
1,0,27,1,0,0.4514037938009544
1,0,28,1,0,0.36907355525095487
1,0,29,0,1,0.7929882759652542
1,0,30,0,0,0.4514037938009544
1,0,31,0,1,0.7929882759652542
1,0,32,1,0,0.36907355525095487
1,0,33,1,1,0.7929882759652542
1,0,34,1,0,0.36907355525095487
1,0,35,1,0,0.4514037938009544
1,0,36,1,1,0.7929882759652542
1,0,37,1,0,0.4514037938009544
1,0,38,1,1,0.582729204689703
1,0,39,0,0,0.36907355525095487
1,0,40,1,1,0.7929882759652542
1,0,41,0,1,0.7929882759652542
1,0,42,0,0,0.36907355525095487
1,0,43,1,0,0.4514037938009544
1,0,44,1,1,0.7929882759652542
1,0,45,1,1,0.582729204689703
1,0,46,1,1,0.7929882759652542
1,0,47,0,0,0.36907355525095487
1,0,200,1,1,0.7929882759652542
1,0,201,1,1,0.6846727392679436
1,0,202,0,1,0.6846727392679436
1,0,203,0,1,0.7929882759652542
1,0,204,1,1,0.7929882759652542
1,0,205,1,0,0.36907355525095487
1,0,206,0,0,0.4514037938009544
1,0,207,1,0,0.36907355525095487
1,0,232,0,0,0.36907355525095487
1,0,233,1,0,0.4688004776585107
1,0,234,1,0,0.36907355525095487
1,0,235,0,1,0.6846727392679436
1,0,236,1,1,0.6089123471080843
1,0,237,1,1,0.6089123471080843
1,0,238,1,0,0.4688004776585107
1,0,239,0,0,0.4514037938009544
1,0,240,0,1,0.6846727392679436
1,0,241,0,1,0.582729204689703
1,0,242,1,1,0.6626621033543587
1,0,243,1,1,0.6089123471080843
1,0,244,1,1,0.6626621033543587
1,0,245,1,1,0.582729204689703
1,0,246,0,0,0.36907355525095487
1,0,247,0,1,0.582729204689703
1,0,304,1,1,0.7929882759652542
1,0,305,1,1,0.7929882759652542
1,0,306,0,1,0.7929882759652542
1,0,307,1,0,0.4514037938009544
1,0,308,1,1,0.6626621033543587
1,0,309,1,0,0.4514037938009544
1,0,310,0,1,0.7929882759652542
1,0,311,1,1,0.662662103354359
1,0,328,1,1,0.7929882759652542
1,0,329,0,1,0.6089123471080843
1,0,330,1,1,0.7929882759652542
1,0,331,1,1,0.7929882759652542
1,0,332,1,1,0.6626621033543587
1,0,333,1,1,0.7929882759652542
1,0,334,1,1,0.582729204689703
1,0,335,1,1,0.7929882759652542
1,0,360,0,1,0.7929882759652542
1,0,361,1,1,0.7929882759652542
1,0,362,1,1,0.7929882759652542
1,0,363,1,1,0.7929882759652542
1,0,364,1,0,0.36907355525095487
1,0,365,0,1,0.7929882759652542
1,0,366,0,1,0.6626621033543587
1,0,367,1,1,0.6089123471080843
1,0,416,1,1,0.6089123471080843
1,0,417,0,1,0.582729204689703
1,0,418,0,1,0.7929882759652542
1,0,419,1,1,0.7929882759652542
1,0,420,0,1,0.7929882759652542
1,0,421,1,1,0.6089123471080843
1,0,422,0,1,0.7929882759652542
1,0,423,1,1,0.7929882759652542
1,0,440,0,0,0.4514037938009544
1,0,441,0,0,0.4688004776585107
1,0,442,1,1,0.6089123471080843
1,0,443,0,0,0.4514037938009544
1,0,444,0,1,0.7929882759652542
1,0,445,0,1,0.7929882759652542
1,0,446,0,1,0.6089123471080843
1,0,447,0,0,0.4514037938009544
1,0,520,1,0,0.36907355525095487
1,0,521,1,1,0.6089123471080843
1,0,522,0,1,0.7929882759652542
1,0,523,1,1,0.6089123471080843
1,0,524,1,0,0.4514037938009544
1,0,525,1,1,0.6089123471080843
1,0,526,0,1,0.6089123471080843
1,0,527,0,0,0.36907355525095487
1,0,528,1,1,0.7929882759652542
1,0,529,1,1,0.6846727392679436
1,0,530,1,0,0.36907355525095487
1,0,531,1,0,0.36907355525095487
1,0,532,1,0,0.36907355525095487
1,0,533,1,0,0.4514037938009544
1,0,534,1,0,0.36907355525095487
1,0,535,1,0,0.4688004776585107
1,0,584,1,1,0.7929882759652542
1,0,585,1,1,0.7929882759652542
1,0,586,1,1,0.6626621033543587
1,0,587,0,1,0.582729204689703
1,0,588,1,1,0.7929882759652542
1,0,589,1,1,0.582729204689703
1,0,590,0,1,0.7929882759652542
1,0,591,0,0,0.4514037938009544
1,0,656,0,1,0.582729204689703
1,0,657,0,1,0.6626621033543587
1,0,658,0,1,0.582729204689703
1,0,659,1,1,0.6846727392679436
1,0,660,1,1,0.7929882759652542
1,0,661,0,1,0.7929882759652542
1,0,662,0,1,0.6089123471080843
1,0,663,0,1,0.6846727392679436
1,0,680,1,0,0.36907355525095487
1,0,681,1,0,0.4688004776585107
1,0,682,1,0,0.36907355525095487
1,0,683,1,1,0.7929882759652542
1,0,684,1,1,0.7929882759652542
1,0,685,1,1,0.6089123471080843
1,0,686,1,1,0.7929882759652542
1,0,687,1,1,0.6089123471080843
1,0,712,1,0,0.4514037938009544
1,0,713,0,0,0.36907355525095487
1,0,714,0,1,0.6089123471080843
1,0,715,1,0,0.4514037938009544
1,0,716,1,0,0.4688004776585107
1,0,717,0,0,0.36907355525095487
1,0,718,0,1,0.582729204689703
1,0,719,1,1,0.7929882759652542
1,0,744,0,0,0.4688004776585107
1,0,745,1,1,0.6846727392679436
1,0,746,0,0,0.36907355525095487
1,0,747,0,1,0.7929882759652542
1,0,748,1,0,0.36907355525095487
1,0,749,0,0,0.36907355525095487
1,0,750,0,1,0.6846727392679436
1,0,751,0,0,0.36907355525095487
1,0,832,1,1,0.6089123471080843
1,0,833,1,1,0.7929882759652542
1,0,834,1,1,0.582729204689703
1,0,835,1,0,0.36907355525095487
1,0,836,0,0,0.36907355525095487
1,0,837,1,1,0.7929882759652542
1,0,838,1,0,0.4688004776585107
1,0,839,1,1,0.6846727392679436
1,0,840,1,1,0.7929882759652542
1,0,841,0,1,0.7929882759652542
1,0,842,1,1,0.582729204689703
1,0,843,0,1,0.6089123471080843
1,0,844,0,1,0.6626621033543587
1,0,845,0,1,0.582729204689703
1,0,846,0,1,0.582729204689703
1,0,847,1,0,0.36907355525095487
1,0,880,0,1,0.7929882759652542
1,0,881,1,1,0.6626621033543587
1,0,882,0,1,0.6846727392679436
1,0,883,0,1,0.6626621033543587
1,0,884,0,1,0.7929882759652542
1,0,885,0,1,0.7929882759652542
1,0,886,1,0,0.4514037938009544
1,0,887,1,1,0.7929882759652542
1,0,944,1,0,0.36907355525095487
1,0,945,1,1,0.7929882759652542
1,0,946,1,0,0.36907355525095487
1,0,947,1,0,0.36907355525095487
1,0,948,1,1,0.582729204689703
1,0,949,1,0,0.36907355525095487
1,0,950,1,0,0.36907355525095487
1,0,951,1,1,0.7929882759652542
1,1,72,1,0,0.45452357049656683
1,1,73,1,0,0.45452357049656683
1,1,74,1,0,0.45452357049656705
1,1,75,0,1,0.6383519502186865
1,1,76,1,1,0.5900049717150795
1,1,77,1,0,0.45452357049656705
1,1,78,1,1,0.6982188170797218
1,1,79,1,1,0.6383519502186865
1,1,80,0,1,0.5900049717150795
1,1,81,1,1,0.6383519502186865
1,1,82,1,0,0.45452357049656683
1,1,83,1,1,0.6383519502186865
1,1,84,1,1,0.5900049717150795
1,1,85,1,1,0.6982188170797218
1,1,86,1,1,0.6982188170797218
1,1,87,1,0,0.45452357049656683
1,1,112,1,0,0.45452357049656683
1,1,113,0,1,0.6982188170797218
1,1,114,1,1,0.6982188170797218
1,1,115,0,1,0.5900049717150795
1,1,116,1,1,0.6982188170797218
1,1,117,1,1,0.6982188170797218
1,1,118,0,0,0.45452357049656683
1,1,119,0,1,0.5900049717150795
1,1,120,0,0,0.45452357049656683
1,1,121,1,0,0.45452357049656683
1,1,122,0,1,0.6383519502186868
1,1,123,0,1,0.6982188170797218
1,1,124,1,0,0.45452357049656683
1,1,125,0,0,0.45452357049656683
1,1,126,1,1,0.6982188170797218
1,1,127,1,1,0.6982188170797218
1,1,160,1,1,0.6982188170797218
1,1,161,1,1,0.6982188170797218
1,1,162,0,0,0.45452357049656683
1,1,163,0,0,0.45452357049656705
1,1,164,0,0,0.45452357049656683
1,1,165,1,0,0.45452357049656705
1,1,166,1,1,0.6982188170797218
1,1,167,0,1,0.6383519502186865
1,1,184,0,0,0.45452357049656683
1,1,185,1,1,0.5900049717150793
1,1,186,1,1,0.6982188170797218
1,1,187,1,0,0.45452357049656683
1,1,188,1,1,0.6982188170797218
1,1,189,1,1,0.6982188170797218
1,1,190,0,0,0.45452357049656683
1,1,191,0,1,0.5900049717150795
1,1,192,1,0,0.45452357049656705
1,1,193,0,1,0.5900049717150795
1,1,194,1,1,0.6383519502186865
1,1,195,1,1,0.6982188170797218
1,1,196,1,0,0.45452357049656705
1,1,197,1,1,0.6982188170797218
1,1,198,1,0,0.45452357049656683
1,1,199,0,1,0.5900049717150795
1,1,216,0,0,0.45452357049656683
1,1,217,1,1,0.6982188170797218
1,1,218,1,1,0.6982188170797218
1,1,219,1,1,0.6982188170797218
1,1,220,1,1,0.6982188170797218
1,1,221,0,0,0.45452357049656683
1,1,222,1,1,0.6982188170797218
1,1,223,1,1,0.6982188170797218
1,1,280,1,1,0.6982188170797218
1,1,281,0,0,0.45452357049656683
1,1,282,1,1,0.6982188170797218
1,1,283,1,1,0.6982188170797218
1,1,284,1,1,0.6383519502186865
1,1,285,0,1,0.6982188170797218
1,1,286,1,1,0.6383519502186865
1,1,287,0,1,0.5900049717150795
1,1,312,0,1,0.6383519502186868
1,1,313,0,1,0.6383519502186868
1,1,314,1,1,0.6982188170797218
1,1,315,0,0,0.45452357049656683
1,1,316,1,1,0.6982188170797218
1,1,317,1,1,0.6383519502186868
1,1,318,0,0,0.45452357049656683
1,1,319,0,1,0.6982188170797218
1,1,336,0,0,0.45452357049656683
1,1,337,1,1,0.6982188170797218
1,1,338,1,1,0.6383519502186868
1,1,339,0,0,0.45452357049656683
1,1,340,0,0,0.45452357049656683
1,1,341,0,1,0.6982188170797218
1,1,342,1,1,0.6982188170797218
1,1,343,1,1,0.6982188170797218
1,1,392,0,1,0.5900049717150795
1,1,393,1,0,0.45452357049656683
1,1,394,1,1,0.6383519502186865
1,1,395,0,0,0.45452357049656683
1,1,396,1,1,0.6383519502186868
1,1,397,1,1,0.5900049717150795
1,1,398,1,0,0.45452357049656683
1,1,399,1,1,0.5900049717150795
1,1,464,1,1,0.6982188170797218
1,1,465,1,1,0.6383519502186865
1,1,466,0,1,0.6383519502186865
1,1,467,0,1,0.5900049717150795
1,1,468,0,0,0.45452357049656683
1,1,469,1,1,0.6982188170797218
1,1,470,0,0,0.45452357049656705
1,1,471,1,1,0.5900049717150793
1,1,488,0,0,0.45452357049656683
1,1,489,1,0,0.45452357049656683
1,1,490,0,0,0.45452357049656683
1,1,491,1,0,0.45452357049656705
1,1,492,1,1,0.6982188170797218
1,1,493,1,0,0.45452357049656705
1,1,494,0,1,0.5900049717150795
1,1,495,1,1,0.6982188170797218
1,1,496,0,1,0.6982188170797218
1,1,497,0,0,0.45452357049656683
1,1,498,0,1,0.5900049717150793
1,1,499,0,1,0.6383519502186865
1,1,500,1,1,0.6982188170797218
1,1,501,1,0,0.45452357049656683
1,1,502,1,0,0.45452357049656683
1,1,503,1,0,0.45452357049656683
1,1,592,1,1,0.6383519502186865
1,1,593,1,1,0.6982188170797218
1,1,594,1,1,0.6982188170797218
1,1,595,0,1,0.6982188170797218
1,1,596,1,1,0.5900049717150795
1,1,597,1,0,0.45452357049656683
1,1,598,1,1,0.5900049717150795
1,1,599,0,1,0.5900049717150795
1,1,616,1,0,0.45452357049656683
1,1,617,0,0,0.45452357049656683
1,1,618,0,0,0.45452357049656683
1,1,619,1,0,0.45452357049656683
1,1,620,1,1,0.6982188170797218
1,1,621,0,1,0.6982188170797218
1,1,622,0,1,0.6383519502186865
1,1,623,1,1,0.6982188170797218
1,1,648,0,0,0.45452357049656683
1,1,649,0,1,0.5900049717150795
1,1,650,0,0,0.45452357049656683
1,1,651,1,1,0.6982188170797218
1,1,652,1,1,0.6982188170797218
1,1,653,0,0,0.45452357049656683
1,1,654,0,0,0.45452357049656683
1,1,655,1,1,0.6383519502186865
1,1,704,0,1,0.6982188170797218
1,1,705,0,1,0.6982188170797218
1,1,706,0,0,0.45452357049656683
1,1,707,0,1,0.5900049717150795
1,1,708,0,1,0.6383519502186865
1,1,709,0,0,0.45452357049656683
1,1,710,0,1,0.6982188170797218
1,1,711,1,1,0.6982188170797218
1,1,728,1,1,0.6982188170797218
1,1,729,0,1,0.5900049717150795
1,1,730,0,1,0.6982188170797218
1,1,731,1,1,0.6982188170797218
1,1,732,1,0,0.45452357049656683
1,1,733,0,0,0.45452357049656683
1,1,734,1,1,0.6982188170797218
1,1,735,0,1,0.6982188170797218
1,1,760,1,1,0.6982188170797218
1,1,761,0,0,0.45452357049656683
1,1,762,0,1,0.6982188170797218
1,1,763,1,0,0.45452357049656683
1,1,764,1,1,0.6383519502186865
1,1,765,1,0,0.45452357049656683
1,1,766,1,1,0.6982188170797218
1,1,767,1,1,0.6982188170797218
1,1,816,1,1,0.5900049717150795
1,1,817,0,1,0.6383519502186865
1,1,818,0,0,0.45452357049656683
1,1,819,0,0,0.45452357049656683
1,1,820,0,0,0.45452357049656683
1,1,821,0,1,0.6982188170797218
1,1,822,0,1,0.6383519502186865
1,1,823,0,1,0.5900049717150795
1,1,856,1,1,0.6383519502186865
1,1,857,0,1,0.5900049717150795
1,1,858,0,1,0.6383519502186868
1,1,859,0,0,0.45452357049656683
1,1,860,0,0,0.45452357049656683
1,1,861,0,1,0.6383519502186865
1,1,862,0,1,0.5900049717150795
1,1,863,0,0,0.45452357049656683
1,1,896,1,1,0.6383519502186865
1,1,897,1,0,0.45452357049656683
1,1,898,1,1,0.6383519502186865
1,1,899,1,0,0.45452357049656683
1,1,900,0,0,0.45452357049656683
1,1,901,1,1,0.6982188170797218
1,1,902,0,0,0.45452357049656683
1,1,903,1,0,0.45452357049656683
1,2,64,1,1,0.7117553703752528
1,2,65,0,0,0.4548163899811658
1,2,66,0,0,0.4548163899811658
1,2,67,1,0,0.4548163899811658
1,2,68,1,1,0.7117553703752528
1,2,69,1,1,0.7117553703752528
1,2,70,0,1,0.5992698358629499
1,2,71,0,0,0.4548163899811658
1,2,88,1,1,0.5992698358629497
1,2,89,0,1,0.5170576977525432
1,2,90,1,1,0.5170576977525432
1,2,91,0,0,0.4548163899811658
1,2,92,1,1,0.7117553703752527
1,2,93,1,1,0.7117553703752529
1,2,94,1,1,0.7117553703752528
1,2,95,1,1,0.7117553703752529
1,2,128,1,0,0.4548163899811658
1,2,129,1,1,0.7117553703752528
1,2,130,0,0,0.4548163899811658
1,2,131,0,0,0.4548163899811658
1,2,132,1,0,0.4548163899811658
1,2,133,1,1,0.7117553703752528
1,2,134,0,0,0.4548163899811658
1,2,135,1,1,0.5992698358629497
1,2,176,1,1,0.7117553703752527
1,2,177,1,0,0.4548163899811658
1,2,178,1,1,0.5992698358629499
1,2,179,0,0,0.4548163899811658
1,2,180,1,0,0.4548163899811658
1,2,181,0,0,0.4548163899811658
1,2,182,1,1,0.7117553703752527
1,2,183,1,1,0.7117553703752529
1,2,248,1,1,0.5170576977525432
1,2,249,1,1,0.5170576977525432
1,2,250,0,1,0.5992698358629499
1,2,251,1,0,0.4548163899811658
1,2,252,0,0,0.4548163899811658
1,2,253,1,1,0.7117553703752528
1,2,254,0,1,0.5170576977525432
1,2,255,1,1,0.7117553703752528
1,2,256,1,0,0.4548163899811658
1,2,257,1,1,0.7117553703752528
1,2,258,1,1,0.5992698358629497
1,2,259,0,0,0.4548163899811658
1,2,260,1,1,0.5170576977525432
1,2,261,1,1,0.5992698358629499
1,2,262,0,1,0.7117553703752528
1,2,263,1,1,0.5992698358629497
1,2,264,1,1,0.5170576977525432
1,2,265,1,1,0.7117553703752528
1,2,266,1,1,0.5170576977525432
1,2,267,1,1,0.7117553703752528
1,2,268,1,0,0.4548163899811658
1,2,269,0,0,0.4548163899811658
1,2,270,1,1,0.7117553703752529
1,2,271,0,1,0.5992698358629497
1,2,296,0,1,0.5170576977525432
1,2,297,1,1,0.7117553703752528
1,2,298,1,0,0.4548163899811658
1,2,299,0,0,0.4548163899811658
1,2,300,0,1,0.7117553703752528
1,2,301,1,1,0.7117553703752528
1,2,302,1,1,0.5170576977525432
1,2,303,0,1,0.5170576977525432
1,2,320,1,0,0.4548163899811658
1,2,321,0,1,0.7117553703752528
1,2,322,1,1,0.7117553703752528
1,2,323,1,1,0.7117553703752528
1,2,324,1,1,0.7117553703752528
1,2,325,1,1,0.7117553703752528
1,2,326,1,0,0.4548163899811658
1,2,327,1,1,0.5992698358629499
1,2,344,1,1,0.7117553703752528
1,2,345,1,1,0.7117553703752528
1,2,346,1,1,0.5170576977525432
1,2,347,1,0,0.4548163899811658
1,2,348,1,1,0.5992698358629497
1,2,349,1,1,0.7117553703752528
1,2,350,1,1,0.5992698358629497
1,2,351,1,1,0.7117553703752528
1,2,400,1,1,0.7117553703752528
1,2,401,1,1,0.7117553703752528
1,2,402,1,1,0.5170576977525432
1,2,403,1,1,0.5992698358629499
1,2,404,0,1,0.7117553703752528
1,2,405,0,1,0.7117553703752528
1,2,406,0,0,0.4548163899811658
1,2,407,0,0,0.4548163899811658
1,2,424,0,0,0.4548163899811658
1,2,425,0,0,0.4548163899811658
1,2,426,0,1,0.7117553703752529
1,2,427,1,1,0.7117553703752529
1,2,428,0,1,0.7117553703752529
1,2,429,1,1,0.7117553703752528
1,2,430,1,1,0.7117553703752527
1,2,431,1,1,0.7117553703752528
1,2,504,1,0,0.4548163899811658
1,2,505,1,1,0.7117553703752528
1,2,506,1,1,0.7117553703752529
1,2,507,1,1,0.5992698358629497
1,2,508,1,0,0.4548163899811658
1,2,509,1,1,0.7117553703752528
1,2,510,1,1,0.7117553703752529
1,2,511,0,0,0.4548163899811658
1,2,552,0,0,0.4548163899811658
1,2,553,1,1,0.7117553703752529
1,2,554,0,0,0.4548163899811658
1,2,555,0,0,0.4548163899811658
1,2,556,1,1,0.7117553703752528
1,2,557,1,1,0.7117553703752528
1,2,558,1,1,0.5992698358629499
1,2,559,0,1,0.5170576977525432
1,2,568,1,1,0.7117553703752528
1,2,569,1,1,0.5170576977525432
1,2,570,1,0,0.4548163899811658
1,2,571,1,1,0.5992698358629497
1,2,572,1,0,0.4548163899811658
1,2,573,1,1,0.5170576977525432
1,2,574,0,0,0.4548163899811658
1,2,575,1,0,0.4548163899811658
1,2,600,1,0,0.4548163899811658
1,2,601,1,0,0.4548163899811658
1,2,602,1,1,0.5170576977525432
1,2,603,0,0,0.4548163899811658
1,2,604,0,0,0.4548163899811658
1,2,605,0,1,0.7117553703752528
1,2,606,1,1,0.5992698358629497
1,2,607,0,1,0.5992698358629497
1,2,632,1,1,0.7117553703752528
1,2,633,1,1,0.7117553703752527
1,2,634,1,1,0.7117553703752528
1,2,635,0,1,0.7117553703752527
1,2,636,1,1,0.5992698358629497
1,2,637,1,1,0.7117553703752528
1,2,638,1,1,0.5992698358629497
1,2,639,1,1,0.5170576977525432
1,2,640,0,1,0.5992698358629497
1,2,641,1,0,0.4548163899811658
1,2,642,1,1,0.7117553703752529
1,2,643,1,1,0.7117553703752529
1,2,644,0,0,0.4548163899811658
1,2,645,0,1,0.7117553703752528
1,2,646,1,1,0.5992698358629499
1,2,647,0,0,0.4548163899811658
1,2,736,0,1,0.7117553703752528
1,2,737,0,1,0.7117553703752528
1,2,738,0,0,0.4548163899811658
1,2,739,1,1,0.5170576977525434
1,2,740,1,1,0.7117553703752528
1,2,741,0,1,0.5992698358629499
1,2,742,1,1,0.5992698358629497
1,2,743,1,1,0.7117553703752528
1,2,776,0,1,0.5170576977525432
1,2,777,0,0,0.4548163899811658
1,2,778,1,0,0.4548163899811658
1,2,779,0,0,0.4548163899811658
1,2,780,0,1,0.5992698358629499
1,2,781,0,1,0.5992698358629497
1,2,782,0,1,0.7117553703752529
1,2,783,0,1,0.5992698358629497
1,2,824,0,1,0.5992698358629497
1,2,825,1,1,0.5170576977525432
1,2,826,0,0,0.4548163899811658
1,2,827,1,0,0.4548163899811658
1,2,828,0,1,0.7117553703752528
1,2,829,1,1,0.7117553703752528
1,2,830,0,1,0.7117553703752529
1,2,831,0,1,0.5170576977525432
1,2,848,0,1,0.7117553703752528
1,2,849,0,0,0.4548163899811658
1,2,850,0,1,0.5170576977525432
1,2,851,0,0,0.4548163899811658
1,2,852,0,0,0.4548163899811658
1,2,853,0,1,0.5170576977525432
1,2,854,1,1,0.7117553703752529
1,2,855,1,0,0.4548163899811658
1,2,872,0,1,0.7117553703752529
1,2,873,0,1,0.7117553703752527
1,2,874,0,0,0.4548163899811658
1,2,875,0,1,0.7117553703752527
1,2,876,1,1,0.7117553703752529
1,2,877,1,1,0.7117553703752529
1,2,878,0,1,0.5992698358629499
1,2,879,1,1,0.7117553703752528
1,2,912,1,0,0.4548163899811658
1,2,913,1,1,0.5992698358629497
1,2,914,0,1,0.7117553703752528
1,2,915,0,1,0.7117553703752528
1,2,916,1,1,0.5992698358629497
1,2,917,1,1,0.7117553703752528
1,2,918,1,1,0.5992698358629497
1,2,919,0,0,0.4548163899811658
1,3,48,1,0,0.4736877216043339
1,3,49,0,1,0.6555696711593268
1,3,50,0,0,0.4736877216043339
1,3,51,0,0,0.4736877216043339
1,3,52,1,0,0.4736877216043339
1,3,53,0,0,0.4736877216043339
1,3,54,0,0,0.4736877216043339
1,3,55,0,0,0.4736877216043339
1,3,96,1,1,0.7003394680239913
1,3,97,1,0,0.4736877216043337
1,3,98,1,1,0.7753517598018139
1,3,99,1,0,0.4159136479425118
1,3,100,1,1,0.5635536505757562
1,3,101,0,1,0.6200644574043357
1,3,102,0,0,0.4736877216043339
1,3,103,1,1,0.7003394680239913
1,3,104,1,0,0.4736877216043339
1,3,105,1,1,0.5635536505757562
1,3,106,1,0,0.4736877216043339
1,3,107,1,0,0.4736877216043339
1,3,108,1,1,0.7003394680239912
1,3,109,1,1,0.7003394680239912
1,3,110,1,0,0.4736877216043339
1,3,111,1,1,0.563098461568588
1,3,136,1,1,0.7753517598018139
1,3,137,1,1,0.6200644574043357
1,3,138,0,0,0.4736877216043337
1,3,139,1,1,0.563098461568588
1,3,140,0,0,0.4736877216043339
1,3,141,1,0,0.4736877216043339
1,3,142,0,1,0.563098461568588
1,3,143,1,1,0.7003394680239913
1,3,152,0,0,0.4736877216043339
1,3,153,1,1,0.7753517598018139
1,3,154,0,0,0.4736877216043339
1,3,155,1,1,0.7753517598018139
1,3,156,0,0,0.4736877216043339
1,3,157,1,1,0.7003394680239913
1,3,158,1,0,0.4736877216043339
1,3,159,0,1,0.6555696711593268
1,3,208,1,1,0.563098461568588
1,3,209,1,1,0.5635536505757562
1,3,210,1,0,0.4736877216043339
1,3,211,0,0,0.4736877216043339
1,3,212,1,1,0.5635536505757562
1,3,213,0,1,0.6200644574043357
1,3,214,1,1,0.5635536505757562
1,3,215,1,1,0.563098461568588
1,3,272,1,0,0.4736877216043339
1,3,273,1,1,0.7003394680239913
1,3,274,1,0,0.4159136479425118
1,3,275,1,0,0.4736877216043339
1,3,276,0,1,0.6200644574043357
1,3,277,1,1,0.6555696711593268
1,3,278,1,0,0.4159136479425118
1,3,279,1,0,0.4159136479425118
1,3,352,0,1,0.6555696711593268
1,3,353,0,1,0.6200644574043357
1,3,354,1,1,0.7753517598018139
1,3,355,1,1,0.7003394680239912
1,3,356,0,0,0.4159136479425118
1,3,357,0,0,0.4736877216043339
1,3,358,1,1,0.7003394680239913
1,3,359,0,1,0.6200644574043357
1,3,376,0,0,0.4736877216043339
1,3,377,0,0,0.4736877216043339
1,3,378,1,1,0.6555696711593268
1,3,379,1,1,0.7003394680239912
1,3,380,1,0,0.4736877216043339
1,3,381,0,1,0.6555696711593268
1,3,382,1,1,0.7003394680239912
1,3,383,1,1,0.5635536505757562
1,3,408,0,1,0.7003394680239913
1,3,409,0,0,0.4736877216043339
1,3,410,1,1,0.5635536505757562
1,3,411,0,0,0.4736877216043339
1,3,412,1,0,0.4736877216043337
1,3,413,0,1,0.5635536505757562
1,3,414,0,0,0.4736877216043339
1,3,415,1,1,0.563098461568588
1,3,456,0,0,0.4736877216043339
1,3,457,0,1,0.7753517598018139
1,3,458,0,0,0.4736877216043339
1,3,459,0,1,0.563098461568588
1,3,460,0,0,0.4736877216043339
1,3,461,1,1,0.6200644574043357
1,3,462,1,0,0.4736877216043339
1,3,463,1,1,0.7003394680239912
1,3,480,1,0,0.4736877216043339
1,3,481,1,1,0.6555696711593268
1,3,482,1,1,0.563098461568588
1,3,483,0,0,0.4736877216043339
1,3,484,1,1,0.5635536505757562
1,3,485,0,1,0.7003394680239912
1,3,486,0,1,0.5635536505757562
1,3,487,1,1,0.7003394680239912
1,3,512,0,0,0.4736877216043339
1,3,513,0,1,0.7753517598018139
1,3,514,1,1,0.563098461568588
1,3,515,1,1,0.7003394680239913
1,3,516,1,1,0.6200644574043357
1,3,517,0,0,0.4736877216043337
1,3,518,0,1,0.7003394680239913
1,3,519,0,1,0.563098461568588
1,3,536,1,1,0.5635536505757562
1,3,537,1,1,0.7003394680239913
1,3,538,0,0,0.4736877216043337
1,3,539,1,1,0.7003394680239913
1,3,540,0,1,0.6555696711593268
1,3,541,1,1,0.7003394680239913
1,3,542,1,1,0.5635536505757562
1,3,543,0,0,0.4736877216043339
1,3,576,1,1,0.563098461568588
1,3,577,1,0,0.4736877216043339
1,3,578,0,1,0.6200644574043357
1,3,579,0,1,0.563098461568588
1,3,580,1,1,0.563098461568588
1,3,581,1,1,0.7003394680239913
1,3,582,1,0,0.4736877216043339
1,3,583,0,0,0.4736877216043339
1,3,624,0,1,0.6555696711593268
1,3,625,1,1,0.7003394680239913
1,3,626,0,1,0.5635536505757562
1,3,627,0,1,0.7003394680239913
1,3,628,0,1,0.6555696711593268
1,3,629,0,1,0.5635536505757562
1,3,630,0,0,0.4736877216043339
1,3,631,0,0,0.4736877216043339
1,3,672,0,1,0.7003394680239913
1,3,673,1,0,0.4736877216043339
1,3,674,0,1,0.6555696711593268
1,3,675,1,1,0.6555696711593268
1,3,676,0,0,0.4736877216043339
1,3,677,0,1,0.6200644574043357
1,3,678,1,1,0.6555696711593268
1,3,679,0,0,0.4736877216043339
1,3,720,0,1,0.7003394680239913
1,3,721,0,1,0.6200644574043357
1,3,722,1,1,0.5635536505757562
1,3,723,1,0,0.4159136479425118
1,3,724,0,0,0.4159136479425118
1,3,725,1,0,0.4159136479425118
1,3,726,0,0,0.4736877216043339
1,3,727,1,0,0.4159136479425118
1,3,792,1,1,0.7003394680239913
1,3,793,1,1,0.6555696711593268
1,3,794,1,1,0.563098461568588
1,3,795,0,1,0.7003394680239913
1,3,796,1,1,0.6555696711593268
1,3,797,0,0,0.4736877216043339
1,3,798,0,0,0.4736877216043339
1,3,799,0,0,0.4736877216043339
1,3,800,0,0,0.4736877216043339
1,3,801,0,1,0.5635536505757562
1,3,802,1,1,0.6555696711593268
1,3,803,0,1,0.6200644574043357
1,3,804,1,1,0.563098461568588
1,3,805,0,1,0.7753517598018139
1,3,806,0,0,0.4736877216043339
1,3,807,1,1,0.7753517598018139
1,3,808,1,1,0.7003394680239913
1,3,809,1,1,0.7003394680239912
1,3,810,0,0,0.4736877216043339
1,3,811,1,1,0.6555696711593268
1,3,812,1,1,0.6555696711593268
1,3,813,0,1,0.7753517598018139
1,3,814,1,1,0.563098461568588
1,3,815,1,1,0.5635536505757562
1,3,888,1,1,0.6200644574043357
1,3,889,1,1,0.7003394680239913
1,3,890,1,1,0.7753517598018139
1,3,891,0,0,0.4159136479425118
1,3,892,0,0,0.4736877216043339
1,3,893,1,0,0.4736877216043339
1,3,894,1,1,0.7003394680239913
1,3,895,1,1,0.7753517598018139
1,3,920,1,0,0.4736877216043339
1,3,921,1,1,0.7003394680239913
1,3,922,1,1,0.5635536505757562
1,3,923,0,1,0.5635536505757562
1,3,924,1,0,0.4736877216043339
1,3,925,1,1,0.7003394680239913
1,3,926,1,1,0.6200644574043357
1,3,927,0,1,0.563098461568588
1,3,928,0,1,0.6555696711593268
1,3,929,0,0,0.4736877216043339
1,3,930,1,1,0.7753517598018139
1,3,931,1,1,0.6555696711593268
1,3,932,0,1,0.563098461568588
1,3,933,0,1,0.6555696711593268
1,3,934,0,1,0.7003394680239913
1,3,935,0,1,0.7753517598018139
1,4,0,1,0,0.4410498266671844
1,4,1,1,1,0.5266130542926396
1,4,2,1,1,0.5266130542926396
1,4,3,0,0,0.4410498266671844
1,4,4,1,1,0.630520232116017
1,4,5,1,0,0.4410498266671844
1,4,6,0,1,0.5266130542926396
1,4,7,1,1,0.5266130542926396
1,4,56,1,0,0.4410498266671844
1,4,57,1,1,0.6305202321160173
1,4,58,1,1,0.630520232116017
1,4,59,1,1,0.7033924834525719
1,4,60,1,1,0.7033924834525719
1,4,61,1,0,0.4410498266671844
1,4,62,0,1,0.6305202321160173
1,4,63,1,1,0.7033924834525719
1,4,144,1,1,0.7033924834525719
1,4,145,0,1,0.630520232116017
1,4,146,1,1,0.5266130542926398
1,4,147,1,1,0.5266130542926398
1,4,148,1,1,0.6305202321160173
1,4,149,1,1,0.630520232116017
1,4,150,1,1,0.630520232116017
1,4,151,1,1,0.7033924834525719
1,4,168,1,0,0.4410498266671844
1,4,169,1,0,0.4410498266671844
1,4,170,1,1,0.630520232116017
1,4,171,0,0,0.4410498266671844
1,4,172,0,1,0.630520232116017
1,4,173,1,1,0.5266130542926396
1,4,174,1,1,0.7033924834525719
1,4,175,1,1,0.7033924834525719
1,4,224,1,1,0.7033924834525719
1,4,225,1,1,0.5266130542926396
1,4,226,0,0,0.4410498266671844
1,4,227,1,1,0.630520232116017
1,4,228,0,1,0.7033924834525719
1,4,229,0,0,0.4410498266671844
1,4,230,1,1,0.630520232116017
1,4,231,1,1,0.7033924834525719
1,4,288,1,1,0.5266130542926396
1,4,289,1,1,0.7033924834525719
1,4,290,0,0,0.4410498266671844
1,4,291,1,1,0.630520232116017
1,4,292,1,1,0.630520232116017
1,4,293,0,0,0.4410498266671844
1,4,294,1,1,0.7033924834525719
1,4,295,1,0,0.4410498266671844
1,4,368,0,1,0.7033924834525719
1,4,369,1,1,0.7033924834525719
1,4,370,1,0,0.4410498266671844
1,4,371,0,1,0.6305202321160173
1,4,372,1,0,0.4410498266671844
1,4,373,1,1,0.630520232116017
1,4,374,1,1,0.5266130542926396
1,4,375,1,1,0.7033924834525719
1,4,384,0,1,0.5266130542926396
1,4,385,0,1,0.630520232116017
1,4,386,1,1,0.630520232116017
1,4,387,0,0,0.4410498266671844
1,4,388,1,1,0.7033924834525719
1,4,389,0,0,0.4410498266671844
1,4,390,0,1,0.5266130542926396
1,4,391,1,1,0.6305202321160173
1,4,432,1,1,0.5266130542926396
1,4,433,0,1,0.5266130542926396
1,4,434,0,0,0.4410498266671844
1,4,435,1,1,0.7033924834525719
1,4,436,0,1,0.7033924834525719
1,4,437,0,1,0.5266130542926398
1,4,438,0,0,0.4410498266671844
1,4,439,1,1,0.5266130542926396
1,4,448,1,1,0.5266130542926396
1,4,449,1,1,0.7033924834525719
1,4,450,1,0,0.4410498266671844
1,4,451,0,1,0.7033924834525719
1,4,452,1,1,0.7033924834525719
1,4,453,1,1,0.630520232116017
1,4,454,1,0,0.4410498266671844
1,4,455,1,0,0.4410498266671844
1,4,472,1,1,0.7033924834525719
1,4,473,1,1,0.7033924834525719
1,4,474,0,0,0.4410498266671844
1,4,475,1,1,0.6305202321160173
1,4,476,0,0,0.4410498266671844
1,4,477,1,1,0.5266130542926396
1,4,478,0,0,0.4410498266671844
1,4,479,1,1,0.5266130542926396
1,4,544,1,1,0.7033924834525719
1,4,545,1,1,0.7033924834525719
1,4,546,0,0,0.4410498266671844
1,4,547,0,0,0.4410498266671844
1,4,548,1,1,0.630520232116017
1,4,549,1,1,0.630520232116017
1,4,550,1,0,0.4410498266671844
1,4,551,1,1,0.7033924834525719
1,4,560,0,0,0.4410498266671844
1,4,561,0,0,0.4410498266671844
1,4,562,1,1,0.7033924834525719
1,4,563,0,1,0.6305202321160173
1,4,564,0,0,0.4410498266671844
1,4,565,0,0,0.4410498266671844
1,4,566,0,1,0.7033924834525719
1,4,567,0,0,0.4410498266671844
1,4,608,0,1,0.5266130542926396
1,4,609,1,1,0.630520232116017
1,4,610,0,0,0.4410498266671844
1,4,611,1,0,0.4410498266671844
1,4,612,1,0,0.4410498266671844
1,4,613,1,0,0.4410498266671844
1,4,614,1,1,0.7033924834525719
1,4,615,1,0,0.4410498266671844
1,4,664,0,1,0.630520232116017
1,4,665,0,0,0.4410498266671844
1,4,666,1,1,0.5266130542926396
1,4,667,1,0,0.4410498266671844
1,4,668,1,1,0.630520232116017
1,4,669,1,1,0.7033924834525719
1,4,670,0,0,0.4410498266671844
1,4,671,1,1,0.7033924834525719
1,4,688,1,0,0.4410498266671844
1,4,689,0,1,0.5266130542926396
1,4,690,0,1,0.630520232116017
1,4,691,1,0,0.4410498266671844
1,4,692,1,0,0.4410498266671844
1,4,693,1,1,0.5266130542926396
1,4,694,1,1,0.7033924834525719
1,4,695,0,1,0.5266130542926396
1,4,696,1,0,0.4410498266671844
1,4,697,1,1,0.7033924834525719
1,4,698,0,1,0.630520232116017
1,4,699,1,1,0.630520232116017
1,4,700,0,1,0.630520232116017
1,4,701,0,0,0.4410498266671844
1,4,702,0,1,0.7033924834525719
1,4,703,0,0,0.4410498266671844
1,4,752,0,1,0.630520232116017
1,4,753,1,0,0.4410498266671844
1,4,754,0,1,0.5266130542926396
1,4,755,1,1,0.7033924834525719
1,4,756,1,1,0.7033924834525719
1,4,757,1,1,0.5266130542926396
1,4,758,1,1,0.7033924834525719
1,4,759,0,1,0.7033924834525719
1,4,768,1,0,0.4410498266671844
1,4,769,1,0,0.4410498266671844
1,4,770,1,1,0.7033924834525719
1,4,771,1,1,0.7033924834525719
1,4,772,1,0,0.4410498266671844
1,4,773,0,1,0.7033924834525719
1,4,774,1,0,0.4410498266671844
1,4,775,1,1,0.7033924834525719
1,4,784,0,1,0.5266130542926398
1,4,785,0,1,0.7033924834525719
1,4,786,1,1,0.5266130542926398
1,4,787,0,0,0.4410498266671844
1,4,788,0,1,0.6305202321160173
1,4,789,0,1,0.7033924834525719
1,4,790,0,1,0.7033924834525719
1,4,791,1,1,0.5266130542926396
1,4,864,0,0,0.4410498266671844
1,4,865,0,0,0.4410498266671844
1,4,866,0,0,0.4410498266671844
1,4,867,1,1,0.7033924834525719
1,4,868,0,1,0.6305202321160173
1,4,869,0,0,0.4410498266671844
1,4,870,0,1,0.7033924834525719
1,4,871,0,0,0.4410498266671844
1,4,904,0,0,0.4410498266671844
1,4,905,0,1,0.630520232116017
1,4,906,1,1,0.5266130542926396
1,4,907,0,1,0.5266130542926396
1,4,908,1,1,0.5266130542926396
1,4,909,0,1,0.5266130542926396
1,4,910,0,1,0.5266130542926396
1,4,911,1,1,0.630520232116017
1,4,936,0,0,0.4410498266671844
1,4,937,1,1,0.630520232116017
1,4,938,0,1,0.7033924834525719
1,4,939,0,1,0.7033924834525719
1,4,940,1,0,0.4410498266671844
1,4,941,1,0,0.4410498266671844
1,4,942,1,0,0.4410498266671844
1,4,943,1,1,0.7033924834525719
1,4,952,1,1,0.7033924834525719
1,4,953,1,1,0.630520232116017
1,4,954,1,1,0.630520232116017
1,4,955,1,1,0.5266130542926396
1,4,956,1,1,0.5266130542926396
1,4,957,1,1,0.7033924834525719
1,4,958,0,1,0.630520232116017
1,4,959,1,0,0.4410498266671844
