repeat,fold,model,feature_set,n_test,f1_macro,balanced_accuracy,average_precision,brier,fit_seconds,best_params
0,0,LogisticRegression,BASE,192,0.5250137438152831,0.5378884879525084,0.6682219824801048,0.2522057737551701,0.12538346299970726,"{""clf__C"": 1.0, ""clf__class_weight"": ""balanced""}"
0,0,RandomForest,BASE,192,0.5117497472349031,0.5144337096961937,0.6748192095966051,0.2410334222044548,1.2950187389997154,"{""clf__max_depth"": 4, ""clf__min_samples_leaf"": 10}"
0,0,GradientBoosting,BASE,192,0.5063683915009309,0.5066348504248632,0.6639120169529843,0.2411976822737748,0.8772936969999137,"{""clf__learning_rate"": 0.1, ""clf__max_depth"": 1}"
0,0,LogisticRegression,BASE+LOCAL,192,0.5789356799822336,0.5891630776393901,0.7320165699474684,0.23429705268431725,0.13063800599957176,"{""clf__C"": 0.1, ""clf__class_weight"": ""balanced""}"
0,0,RandomForest,BASE+LOCAL,192,0.5444444444444445,0.5447561401466652,0.7145494147030839,0.23199848893650968,1.4919670429999314,"{""clf__max_depth"": null, ""clf__min_samples_leaf"": 10}"
0,0,GradientBoosting,BASE+LOCAL,192,0.5613275613275613,0.5608194622279129,0.7147744604124694,0.23003222079793842,1.3328258219999043,"{""clf__learning_rate"": 0.05, ""clf__max_depth"": 1}"
0,0,LogisticRegression,BASE+KB,192,0.6222222222222222,0.6229775346292632,0.777698167486425,0.21189736028874737,0.13505284299935738,"{""clf__C"": 0.1, ""clf__class_weight"": ""balanced""}"
0,0,RandomForest,BASE+KB,192,0.6275810286572394,0.6244907461296706,0.727652430205421,0.21724823770983925,1.5789328580003712,"{""clf__max_depth"": null, ""clf__min_samples_leaf"": 10}"
0,0,GradientBoosting,BASE+KB,192,0.5882070488812062,0.5892794785240367,0.768684569443719,0.2117724123865982,1.6248409330000868,"{""clf__learning_rate"": 0.05, ""clf__max_depth"": 2}"
0,0,DummyPrior,-,192,0.3865814696485623,0.5,0.6302083333333334,0.23679097493489584,0.0,{}
0,0,LogicOnly,-,192,0.642416482365266,0.642416482365266,0.7076816246613391,0.3333333333333333,0.0,{}
0,1,LogisticRegression,BASE,192,0.6080886155186022,0.6154487821154488,0.758990722037429,0.22273195736140228,0.12426364499970077,"{""clf__C"": 10.0, ""clf__class_weight"": ""balanced""}"
0,1,RandomForest,BASE,192,0.5915404830434239,0.6036036036036035,0.73528198085176,0.22461819580169493,1.3499481829994693,"{""clf__max_depth"": 4, ""clf__min_samples_leaf"": 3}"
0,1,GradientBoosting,BASE,192,0.5873282870759742,0.5990990990990991,0.7424206398510158,0.22482405034717004,0.8596551390000968,"{""clf__learning_rate"": 0.1, ""clf__max_depth"": 1}"
0,1,LogisticRegression,BASE+LOCAL,192,0.6938977460142935,0.6970303636970303,0.7357341441556616,0.21503791090910296,0.12835174199972244,"{""clf__C"": 10.0, ""clf__class_weight"": ""balanced""}"
0,1,RandomForest,BASE+LOCAL,192,0.6198469221903721,0.6214547881214548,0.7097924990360054,0.21648189383807512,1.4244425180004328,"{""clf__max_depth"": 4, ""clf__min_samples_leaf"": 10}"
0,1,GradientBoosting,BASE+LOCAL,192,0.6538904813972044,0.6534868201534868,0.714376156005035,0.22057652221641014,1.2453223590000562,"{""clf__learning_rate"": 0.1, ""clf__max_depth"": 1}"
0,1,LogisticRegression,BASE+KB,192,0.6797812713602187,0.6851851851851851,0.7652136389012685,0.21152992563530568,0.13294561699967744,"{""clf__C"": 0.1, ""clf__class_weight"": ""balanced""}"
0,1,RandomForest,BASE+KB,192,0.6747600225861095,0.6730063396730064,0.7647547726559423,0.2037781185642621,1.4718385950000084,"{""clf__max_depth"": 4, ""clf__min_samples_leaf"": 10}"
0,1,GradientBoosting,BASE+KB,192,0.6794839147780325,0.6775108441775108,0.7348658651166087,0.21437765531019623,1.4860623049999049,"{""clf__learning_rate"": 0.1, ""clf__max_depth"": 2}"
0,1,DummyPrior,-,192,0.36633663366336633,0.5,0.578125,0.2439117431640625,0.0,{}
0,1,LogicOnly,-,192,0.6825396825396826,0.6846846846846847,0.693882722007722,0.3125,0.0,{}
0,2,LogisticRegression,BASE,192,0.5561373701362003,0.5575945793337098,0.729990307136043,0.2415354832294679,0.11565835700002935,"{""clf__C"": 1.0, ""clf__class_weight"": ""balanced""}"
0,2,RandomForest,BASE,192,0.5190106231171714,0.5342179559570863,0.704989703200646,0.23480302998927793,1.2784520390005127,"{""clf__max_depth"": 4, ""clf__min_samples_leaf"": 3}"
0,2,GradientBoosting,BASE,192,0.5077683397683398,0.5189723320158103,0.716228237637931,0.23235865053256957,0.8265578059999825,"{""clf__learning_rate"": 0.1, ""clf__max_depth"": 1}"
0,2,LogisticRegression,BASE+LOCAL,192,0.5668328551931593,0.5684359119141728,0.7242654129870946,0.24127400896070095,0.12622994199955428,"{""clf__C"": 0.1, ""clf__class_weight"": ""balanced""}"
0,2,RandomForest,BASE+LOCAL,192,0.5536037199690003,0.5534161490683229,0.6850318584211905,0.24024002804140396,1.397774858000048,"{""clf__max_depth"": 4, ""clf__min_samples_leaf"": 3}"
0,2,GradientBoosting,BASE+LOCAL,192,0.5290640976388191,0.53184641445511,0.6845922952258656,0.23803415308103182,1.3034693760000664,"{""clf__learning_rate"": 0.05, ""clf__max_depth"": 2}"
0,2,LogisticRegression,BASE+KB,192,0.6111111111111112,0.6098249576510446,0.7390458739024865,0.22385959389412888,0.13426937599979283,"{""clf__C"": 0.1, ""clf__class_weight"": null}"
0,2,RandomForest,BASE+KB,192,0.6133438402941949,0.6120271033314512,0.7166081464184055,0.2296581037803438,1.5038410099996327,"{""clf__max_depth"": null, ""clf__min_samples_leaf"": 10}"
0,2,GradientBoosting,BASE+KB,192,0.6041003888299753,0.6033879164313947,0.7264573238766387,0.2250293616828057,1.423559232000116,"{""clf__learning_rate"": 0.1, ""clf__max_depth"": 1}"
0,2,DummyPrior,-,192,0.3745928338762215,0.5,0.5989583333333334,0.24069722493489584,0.0,{}
0,2,LogicOnly,-,192,0.5887476795659004,0.588085827216262,0.6460597826086956,0.390625,0.0,{}
0,3,LogisticRegression,BASE,192,0.5552527592315029,0.5583618879186472,0.7303540722991948,0.23381708388904868,0.11453670999981114,"{""clf__C"": 1.0, ""clf__class_weight"": ""balanced""}"
0,3,RandomForest,BASE,192,0.5588100125616594,0.5740576986846468,0.6870709446371845,0.23447116715484775,1.2360306170003241,"{""clf__max_depth"": 4, ""clf__min_samples_leaf"": 3}"
0,3,GradientBoosting,BASE,192,0.5259259259259259,0.5373604509782248,0.6827054532567063,0.23992496807456284,0.8919822159996329,"{""clf__learning_rate"": 0.1, ""clf__max_depth"": 2}"
0,3,LogisticRegression,BASE+LOCAL,192,0.5862068965517242,0.5867138277882171,0.7708721685573283,0.22601472599156194,0.13015091799934453,"{""clf__C"": 1.0, ""clf__class_weight"": null}"
0,3,RandomForest,BASE+LOCAL,192,0.5976922414535435,0.599038355255886,0.734116254736362,0.23136077067102248,1.4846728460006489,"{""clf__max_depth"": null, ""clf__min_samples_leaf"": 10}"
0,3,GradientBoosting,BASE+LOCAL,192,0.5953161592505855,0.5993146899524704,0.6956826591533678,0.23247625881160316,1.3452064200000677,"{""clf__learning_rate"": 0.05, ""clf__max_depth"": 2}"
0,3,LogisticRegression,BASE+KB,192,0.6678571428571429,0.6667403559190892,0.7928267963386764,0.2068631447957271,0.1386966999998549,"{""clf__C"": 0.1, ""clf__class_weight"": null}"
0,3,RandomForest,BASE+KB,192,0.6713712505962569,0.6698905714601525,0.7688385090492733,0.2136080499249029,1.5143735060000836,"{""clf__max_depth"": null, ""clf__min_samples_leaf"": 10}"
0,3,GradientBoosting,BASE+KB,192,0.6620401096522868,0.661268928926716,0.758574087204166,0.2148951788990627,1.5487115129999438,"{""clf__learning_rate"": 0.05, ""clf__max_depth"": 1}"
0,3,DummyPrior,-,192,0.36212624584717606,0.5,0.5677083333333334,0.24570210774739584,0.0,{}
0,3,LogicOnly,-,192,0.6858296061961383,0.6902840720680888,0.6915196727513477,0.3125,0.0,{}
0,4,LogisticRegression,BASE,192,0.6612285892668097,0.6624183006535949,0.6875025246417465,0.22067887798978783,0.131014266999955,"{""clf__C"": 1.0, ""clf__class_weight"": ""balanced""}"
0,4,RandomForest,BASE,192,0.6109822346204669,0.6258169934640523,0.6866156927175139,0.2282935176674321,1.316725742000017,"{""clf__max_depth"": 4, ""clf__min_samples_leaf"": 3}"
0,4,GradientBoosting,BASE,192,0.555977229601518,0.5777777777777778,0.6797579244046554,0.22943104825588279,0.9023741319997498,"{""clf__learning_rate"": 0.05, ""clf__max_depth"": 2}"
0,4,LogisticRegression,BASE+LOCAL,192,0.6613756613756614,0.6630718954248366,0.7298481715139674,0.2164954858476064,0.14497663500060298,"{""clf__C"": 10.0, ""clf__class_weight"": ""balanced""}"
0,4,RandomForest,BASE+LOCAL,192,0.6159459078743486,0.6205882352941177,0.705268478237993,0.22749127184878926,1.4861224579999543,"{""clf__max_depth"": 4, ""clf__min_samples_leaf"": 10}"
0,4,GradientBoosting,BASE+LOCAL,192,0.603429250488074,0.6094771241830066,0.6540747724462229,0.23624657982471628,1.379162162999819,"{""clf__learning_rate"": 0.05, ""clf__max_depth"": 2}"
0,4,LogisticRegression,BASE+KB,192,0.6926332926332925,0.6944444444444444,0.7969578549964197,0.19608596013428026,0.13970303299993247,"{""clf__C"": 0.1, ""clf__class_weight"": ""balanced""}"
0,4,RandomForest,BASE+KB,192,0.6821459636914615,0.6839869281045752,0.7813397914570656,0.20720620238882606,1.5350821250003719,"{""clf__max_depth"": 4, ""clf__min_samples_leaf"": 10}"
0,4,GradientBoosting,BASE+KB,192,0.6690023356690022,0.6699346405228759,0.7575642820144047,0.20670107766667048,1.5897686110001814,"{""clf__learning_rate"": 0.1, ""clf__max_depth"": 2}"
0,4,DummyPrior,-,192,0.3469387755102041,0.5,0.53125,0.2529296875,0.0,{}
0,4,LogicOnly,-,192,0.6692822966507177,0.6689542483660131,0.639313610958402,0.328125,0.0,{}
1,0,LogisticRegression,BASE,192,0.5529933481152993,0.5546558704453441,0.7030600380111471,0.23677167802586707,0.12726890100020682,"{""clf__C"": 10.0, ""clf__class_weight"": ""balanced""}"
1,0,RandomForest,BASE,192,0.5352798798982812,0.5441970310391363,0.694541587304295,0.23799020517245725,1.2472806460000356,"{""clf__max_depth"": 4, ""clf__min_samples_leaf"": 10}"
1,0,GradientBoosting,BASE,192,0.5046860203115305,0.5300269905533064,0.6651538646998705,0.23671147176943994,0.8397551440002644,"{""clf__learning_rate"": 0.1, ""clf__max_depth"": 1}"
1,0,LogisticRegression,BASE+LOCAL,192,0.544973544973545,0.5479082321187585,0.6919652275171793,0.24703750754589748,0.13122312999985297,"{""clf__C"": 1.0, ""clf__class_weight"": ""balanced""}"
1,0,RandomForest,BASE+LOCAL,192,0.555977229601518,0.5587044534412955,0.6794898001797158,0.24691432299860763,1.4008491720005622,"{""clf__max_depth"": 4, ""clf__min_samples_leaf"": 10}"
1,0,GradientBoosting,BASE+LOCAL,192,0.5341341401312045,0.5394736842105263,0.6761214886678419,0.24379814327987817,1.2521975809995638,"{""clf__learning_rate"": 0.1, ""clf__max_depth"": 1}"
1,0,LogisticRegression,BASE+KB,192,0.6357142857142857,0.6369770580296896,0.7486748296398283,0.22585063417714232,0.13412335999964853,"{""clf__C"": 1.0, ""clf__class_weight"": ""balanced""}"
1,0,RandomForest,BASE+KB,192,0.5844155844155844,0.5870445344129555,0.7047912889093589,0.23642397933781792,1.5041095280002992,"{""clf__max_depth"": 4, ""clf__min_samples_leaf"": 3}"
1,0,GradientBoosting,BASE+KB,192,0.6015625,0.6045883940620783,0.6996087679906344,0.2295131657641777,1.5955833450007049,"{""clf__learning_rate"": 0.05, ""clf__max_depth"": 2}"
1,0,DummyPrior,-,192,0.37254901960784315,0.5,0.59375,0.241455078125,0.0,{}
1,0,LogicOnly,-,192,0.5959482589298241,0.5961538461538461,0.6462942477876106,0.390625,0.0,{}
1,1,LogisticRegression,BASE,192,0.6354166666666666,0.6423870118473014,0.7363173482079959,0.22630862884749295,0.11887155400017946,"{""clf__C"": 1.0, ""clf__class_weight"": ""balanced""}"
1,1,RandomForest,BASE,192,0.5708343943638061,0.5736068451075033,0.6988948687439624,0.23176152051000676,1.2703993340001034,"{""clf__max_depth"": null, ""clf__min_samples_leaf"": 3}"
1,1,GradientBoosting,BASE,192,0.6084990691214279,0.6174857393593681,0.6863759425411144,0.2284008669635751,0.8758570010004405,"{""clf__learning_rate"": 0.1, ""clf__max_depth"": 2}"
1,1,LogisticRegression,BASE+LOCAL,192,0.6502732240437159,0.653247038174638,0.7860325781063513,0.20997907762512447,0.12452917100017658,"{""clf__C"": 0.1, ""clf__class_weight"": ""balanced""}"
1,1,RandomForest,BASE+LOCAL,192,0.6555555555555556,0.6581834137779728,0.751140146102029,0.21732032199699447,1.4325512770001296,"{""clf__max_depth"": null, ""clf__min_samples_leaf"": 10}"
1,1,GradientBoosting,BASE+LOCAL,192,0.642416482365266,0.6465555068012286,0.7210446181407292,0.21929390321244965,1.3083386559992505,"{""clf__learning_rate"": 0.1, ""clf__max_depth"": 2}"
1,1,LogisticRegression,BASE+KB,192,0.6912930917018667,0.693176831943835,0.7979638393132236,0.19650877695593127,0.13148234699929162,"{""clf__C"": 1.0, ""clf__class_weight"": ""balanced""}"
1,1,RandomForest,BASE+KB,192,0.7144701029770757,0.7127029398859148,0.7752457563284096,0.19952574469946502,1.5695824700005687,"{""clf__max_depth"": 4, ""clf__min_samples_leaf"": 10}"
1,1,GradientBoosting,BASE+KB,192,0.6842105263157895,0.6836331724440544,0.7674363375508821,0.1998846380377504,1.5772066500003348,"{""clf__learning_rate"": 0.05, ""clf__max_depth"": 2}"
1,1,DummyPrior,-,192,0.35570469798657717,0.5,0.5520833333333334,0.24861653645833334,0.0,{}
1,1,LogicOnly,-,192,0.6816624295346523,0.6807810443176832,0.6663157008086253,0.3125,0.0,{}
1,2,LogisticRegression,BASE,192,0.5852904989747095,0.5959618874773139,0.7130731930973977,0.23713778074164438,0.1181221100005132,"{""clf__C"": 0.1, ""clf__class_weight"": ""balanced""}"
1,2,RandomForest,BASE,192,0.58984375,0.5916515426497277,0.7116282299795461,0.22490452816325165,1.2498013880003782,"{""clf__max_depth"": 4, ""clf__min_samples_leaf"": 10}"
1,2,GradientBoosting,BASE,192,0.6069478908188586,0.6088929219600726,0.7064807417234814,0.22437530620028,0.8417339590005213,"{""clf__learning_rate"": 0.1, ""clf__max_depth"": 1}"
1,2,LogisticRegression,BASE+LOCAL,192,0.6463681362956142,0.6447368421052632,0.7362263816668709,0.21877516748971212,0.13287218299956294,"{""clf__C"": 0.1, ""clf__class_weight"": null}"
1,2,RandomForest,BASE+LOCAL,192,0.6515841142347166,0.6485934664246824,0.737087694074706,0.21905102260215378,1.4315709870006685,"{""clf__max_depth"": 4, ""clf__min_samples_leaf"": 3}"
1,2,GradientBoosting,BASE+LOCAL,192,0.6425426283282603,0.63997277676951,0.7244513935568742,0.21900915932518913,1.3229075769995688,"{""clf__learning_rate"": 0.05, ""clf__max_depth"": 2}"
1,2,LogisticRegression,BASE+KB,192,0.7037037037037037,0.7132486388384756,0.8299466271982049,0.2023946310494615,0.1291459579997536,"{""clf__C"": 0.1, ""clf__class_weight"": ""balanced""}"
1,2,RandomForest,BASE+KB,192,0.6811726981218507,0.6796733212341197,0.854869021114736,0.19658243648083515,1.5752649450005265,"{""clf__max_depth"": 4, ""clf__min_samples_leaf"": 3}"
1,2,GradientBoosting,BASE+KB,192,0.6889406815791718,0.6885208711433757,0.840654645916103,0.19511384638411725,1.5791328810000778,"{""clf__learning_rate"": 0.05, ""clf__max_depth"": 2}"
1,2,DummyPrior,-,192,0.37662337662337664,0.5,0.6041666666666666,0.23996988932291666,0.0,{}
1,2,LogicOnly,-,192,0.6951786758766677,0.6998638838475499,0.7269023928456333,0.296875,0.0,{}
1,3,LogisticRegression,BASE,192,0.5852904989747095,0.5853858784893268,0.6798242478099806,0.2348447415727339,0.1243557249999867,"{""clf__C"": 1.0, ""clf__class_weight"": ""balanced""}"
1,3,RandomForest,BASE,192,0.5497835497835498,0.5694581280788178,0.6871992285268903,0.2352580751637174,1.2551848289995178,"{""clf__max_depth"": 4, ""clf__min_samples_leaf"": 10}"
1,3,GradientBoosting,BASE,192,0.5613275613275613,0.5799671592775041,0.6749790355196672,0.2355099388838021,0.9090897799997038,"{""clf__learning_rate"": 0.1, ""clf__max_depth"": 2}"
1,3,LogisticRegression,BASE+LOCAL,192,0.6344249809596345,0.6361247947454844,0.711989766998505,0.2181085271530935,0.12570438800048578,"{""clf__C"": 0.1, ""clf__class_weight"": ""balanced""}"
1,3,RandomForest,BASE+LOCAL,192,0.6858692844226298,0.687192118226601,0.7091400974679717,0.21675440961472667,1.4646592130002318,"{""clf__max_depth"": 4, ""clf__min_samples_leaf"": 3}"
1,3,GradientBoosting,BASE+LOCAL,192,0.6261570260312135,0.6382594417077175,0.6985527331200515,0.21905569082806364,1.3051004430008106,"{""clf__learning_rate"": 0.1, ""clf__max_depth"": 1}"
1,3,LogisticRegression,BASE+KB,192,0.6692822966507177,0.6694581280788177,0.7072627080899908,0.22101722488894235,0.14390718600043328,"{""clf__C"": 0.1, ""clf__class_weight"": ""balanced""}"
1,3,RandomForest,BASE+KB,192,0.6780263195293181,0.6786535303776684,0.7085615255057601,0.21390614295819607,1.5668257420002192,"{""clf__max_depth"": 4, ""clf__min_samples_leaf"": 10}"
1,3,GradientBoosting,BASE+KB,192,0.6031513045562112,0.6172413793103448,0.7235178811509863,0.22313033816979946,1.43576987599954,"{""clf__learning_rate"": 0.05, ""clf__max_depth"": 1}"
1,3,DummyPrior,-,192,0.35353535353535354,0.5,0.546875,0.2496490478515625,0.0,{}
1,3,LogicOnly,-,192,0.6402116402116402,0.6397372742200329,0.6312996031746032,0.3541666666666667,0.0,{}
1,4,LogisticRegression,BASE,192,0.534891865861133,0.5352136752136752,0.7630425496458768,0.22420292053723392,0.1226358589992742,"{""clf__C"": 1.0, ""clf__class_weight"": null}"
1,4,RandomForest,BASE,192,0.5115687462144155,0.5165811965811966,0.7375112091170628,0.23130750535076328,1.2191532330007249,"{""clf__max_depth"": 4, ""clf__min_samples_leaf"": 10}"
1,4,GradientBoosting,BASE,192,0.5404119507077633,0.5413675213675214,0.7559733846489091,0.22473893048564664,0.8098491060000015,"{""clf__learning_rate"": 0.1, ""clf__max_depth"": 1}"
1,4,LogisticRegression,BASE+LOCAL,192,0.5743988327394147,0.5762393162393162,0.7521396348714364,0.24059388847141236,0.12299072199948569,"{""clf__C"": 10.0, ""clf__class_weight"": ""balanced""}"
1,4,RandomForest,BASE+LOCAL,192,0.5236844409421242,0.5242735042735043,0.7301840653363985,0.24307999020068868,1.4203426659996694,"{""clf__max_depth"": null, ""clf__min_samples_leaf"": 10}"
1,4,GradientBoosting,BASE+LOCAL,192,0.5266955266955267,0.5299145299145299,0.7509003935902923,0.2380274449469895,1.3018439620000208,"{""clf__learning_rate"": 0.05, ""clf__max_depth"": 2}"
1,4,LogisticRegression,BASE+KB,192,0.6791496589321426,0.6938461538461539,0.8136010709502233,0.20788054375565376,0.13466777099984029,"{""clf__C"": 0.1, ""clf__class_weight"": ""balanced""}"
1,4,RandomForest,BASE+KB,192,0.6555555555555556,0.6536752136752136,0.7890571407121861,0.21252029661148994,1.548012971999924,"{""clf__max_depth"": null, ""clf__min_samples_leaf"": 10}"
1,4,GradientBoosting,BASE+KB,192,0.6805883898082479,0.6774358974358974,0.7993952126641248,0.20733932441229283,1.5389558719998604,"{""clf__learning_rate"": 0.05, ""clf__max_depth"": 2}"
1,4,DummyPrior,-,192,0.3786407766990291,0.5,0.609375,0.2392730712890625,0.0,{}
1,4,LogicOnly,-,192,0.6678571428571429,0.6728205128205128,0.7115833932422717,0.3229166666666667,0.0,{}
